Day,L,M,S,SD4neg,SD3neg,SD2neg,SD1neg,SD0,SD1,SD2,SD3,SD4
0,1,33.8787,0.03496,29.141,30.326,31.51,32.694,33.879,35.063,36.247,37.432,38.616
1,1,33.975,0.03479,29.247,30.429,31.611,32.793,33.975,35.157,36.339,37.521,38.703
2,1,34.0714,0.03461,29.355,30.534,31.713,32.892,34.071,35.251,36.43,37.609,38.788
3,1,34.1677,0.03444,29.461,30.637,31.814,32.991,34.168,35.344,36.521,37.698,38.875
4,1,34.264,0.03426,29.568,30.742,31.916,33.09,34.264,35.438,36.612,37.786,38.96
5,1,34.3603,0.03409,29.675,30.846,32.018,33.189,34.36,35.532,36.703,37.874,39.046
6,1,34.4566,0.03391,29.783,30.951,32.12,33.288,34.457,35.625,36.793,37.962,39.13
7,1,34.5529,0.03374,29.89,31.055,32.221,33.387,34.553,35.719,36.885,38.05,39.216
8,1,34.6493,0.03356,29.998,31.161,32.324,33.486,34.649,35.812,36.975,38.138,39.301
9,1,34.7456,0.03339,30.105,31.265,32.425,33.585,34.746,35.906,37.066,38.226,39.386
10,1,34.8419,0.03321,30.214,31.371,32.528,33.685,34.842,35.999,37.156,38.313,39.47
11,1,34.9382,0.03304,30.321,31.475,32.629,33.784,34.938,36.093,37.247,38.401,39.556
12,1,35.0345,0.03286,30.43,31.581,32.732,33.883,35.034,36.186,37.337,38.488,39.639
13,1,35.1309,0.03269,30.537,31.686,32.834,33.982,35.131,36.279,37.428,38.576,39.725
14,1,35.2272,0.03251,30.646,31.791,32.937,34.082,35.227,36.372,37.518,38.663,39.808
15,1,35.3211,0.03248,30.732,31.879,33.027,34.174,35.321,36.468,37.616,38.763,39.91
16,1,35.413,0.03245,30.816,31.966,33.115,34.264,35.413,36.562,37.711,38.86,40.01
17,1,35.5028,0.03242,30.899,32.05,33.201,34.352,35.503,36.654,37.805,38.956,40.107
18,1,35.5906,0.03239,30.979,32.132,33.285,34.438,35.591,36.743,37.896,39.049,40.202
19,1,35.6766,0.03236,31.059,32.213,33.368,34.522,35.677,36.831,37.986,39.14,40.295
20,1,35.7607,0.03233,31.136,32.292,33.448,34.605,35.761,36.917,38.073,39.229,40.385
21,1,35.843,0.03231,31.211,32.369,33.527,34.685,35.843,37.001,38.159,39.317,40.475
22,1,35.9237,0.03228,31.285,32.445,33.604,34.764,35.924,37.083,38.243,39.403,40.562
23,1,36.0028,0.03226,31.357,32.518,33.68,34.841,36.003,37.164,38.326,39.487,40.649
24,1,36.0803,0.03223,31.429,32.592,33.755,34.917,36.08,37.243,38.406,39.569,40.732
25,1,36.1563,0.03221,31.498,32.663,33.827,34.992,36.156,37.321,38.485,39.65,40.815
26,1,36.2309,0.03219,31.566,32.732,33.898,35.065,36.231,37.397,38.563,39.73,40.896
27,1,36.3042,0.03217,31.633,32.8,33.968,35.136,36.304,37.472,38.64,39.808,40.976
28,1,36.3761,0.03215,31.698,32.868,34.037,35.207,36.376,37.546,38.715,39.885,41.054
29,1,36.4468,0.03213,31.763,32.934,34.105,35.276,36.447,37.618,38.789,39.96,41.131
30,1,36.5163,0.03211,31.826,32.999,34.171,35.344,36.516,37.689,38.861,40.034,41.206
31,1,36.5846,0.03209,31.889,33.063,34.237,35.411,36.585,37.759,38.933,40.107,41.281
32,1,36.6519,0.03207,31.95,33.126,34.301,35.476,36.652,37.827,39.003,40.178,41.354
33,1,36.718,0.03206,32.009,33.186,34.364,35.541,36.718,37.895,39.072,40.25,41.427
34,1,36.7831,0.03204,32.069,33.248,34.426,35.605,36.783,37.962,39.14,40.319,41.497
35,1,36.8472,0.03202,32.128,33.308,34.488,35.667,36.847,38.027,39.207,40.387,41.567
36,1,36.9104,0.032,32.186,33.367,34.548,35.729,36.91,38.092,39.273,40.454,41.635
37,1,36.9726,0.03199,32.242,33.424,34.607,35.79,36.973,38.155,39.338,40.521,41.704
38,1,37.034,0.03197,32.298,33.482,34.666,35.85,37.034,38.218,39.402,40.586,41.77
39,1,37.0945,0.03196,32.352,33.538,34.723,35.909,37.094,38.28,39.466,40.651,41.837
40,1,37.1541,0.03194,32.407,33.594,34.781,35.967,37.154,38.341,39.528,40.714,41.901
41,1,37.213,0.03193,32.46,33.648,34.837,36.025,37.213,38.401,39.589,40.778,41.966
42,1,37.2711,0.03191,32.514,33.703,34.892,36.082,37.271,38.46,39.65,40.839,42.028
43,1,37.3284,0.0319,32.565,33.756,34.947,36.138,37.328,38.519,39.71,40.901,42.092
44,1,37.3851,0.03188,32.618,33.81,35.001,36.193,37.385,38.577,39.769,40.961,42.152
45,1,37.4411,0.03187,32.668,33.861,35.055,36.248,37.441,38.634,39.828,41.021,42.214
46,1,37.4964,0.03186,32.718,33.912,35.107,36.302,37.496,38.691,39.886,41.08,42.275
47,1,37.551,0.03184,32.769,33.964,35.16,36.355,37.551,38.747,39.942,41.138,42.333
48,1,37.605,0.03183,32.817,34.014,35.211,36.408,37.605,38.802,39.999,41.196,42.393
49,1,37.6584,0.03182,32.865,34.064,35.262,36.46,37.658,38.857,40.055,41.253,42.452
50,1,37.7112,0.0318,32.914,34.114,35.313,36.512,37.711,38.91,40.11,41.309,42.508
51,1,37.7635,0.03179,32.961,34.162,35.362,36.563,37.764,38.964,40.165,41.365,42.566
52,1,37.8152,0.03178,33.008,34.21,35.412,36.613,37.815,39.017,40.219,41.421,42.622
53,1,37.8663,0.03177,33.054,34.257,35.46,36.663,37.866,39.069,40.272,41.475,42.678
54,1,37.9169,0.03176,33.1,34.304,35.508,36.713,37.917,39.121,40.325,41.53,42.734
55,1,37.9671,0.03174,33.147,34.352,35.557,36.762,37.967,39.172,40.377,41.582,42.787
56,1,38.0167,0.03173,33.192,34.398,35.604,36.81,38.017,39.223,40.429,41.636,42.842
57,1,38.0658,0.03172,33.236,34.443,35.651,36.858,38.066,39.273,40.481,41.688,42.896
58,1,38.1145,0.03171,33.28,34.489,35.697,36.906,38.114,39.323,40.532,41.74,42.949
59,1,38.1628,0.0317,33.324,34.534,35.743,36.953,38.163,39.373,40.582,41.792,43.002
60,1,38.2106,0.03169,33.367,34.578,35.789,37.0,38.211,39.421,40.632,41.843,43.054
61,1,38.258,0.03168,33.41,34.622,35.834,37.046,38.258,39.47,40.682,41.894,43.106
62,1,38.305,0.03167,33.453,34.666,35.879,37.092,38.305,39.518,40.731,41.944,43.157
63,1,38.3516,0.03166,33.495,34.709,35.923,37.137,38.352,39.566,40.78,41.994,43.208
64,1,38.3978,0.03164,33.538,34.753,35.968,37.183,38.398,39.613,40.828,42.043,43.257
65,1,38.4437,0.03163,33.58,34.796,36.012,37.228,38.444,39.66,40.876,42.092,43.308
66,1,38.4891,0.03162,33.621,34.838,36.055,37.272,38.489,39.706,40.923,42.14,43.357
67,1,38.5342,0.03161,33.662,34.88,36.098,37.316,38.534,39.752,40.97,42.188,43.406
68,1,38.5789,0.0316,33.703,34.922,36.141,37.36,38.579,39.798,41.017,42.236,43.455
69,1,38.6233,0.03159,33.743,34.963,36.183,37.403,38.623,39.843,41.064,42.284,43.504
70,1,38.6673,0.03158,33.783,35.004,36.225,37.446,38.667,39.888,41.11,42.331,43.552
71,1,38.711,0.03158,33.821,35.044,36.266,37.489,38.711,39.933,41.156,42.378,43.601
72,1,38.7543,0.03157,33.86,35.084,36.307,37.531,38.754,39.978,41.201,42.425,43.648
73,1,38.7973,0.03156,33.9,35.124,36.348,37.573,38.797,40.022,41.246,42.471,43.695
74,1,38.84,0.03155,33.938,35.164,36.389,37.615,38.84,40.065,41.291,42.516,43.742
75,1,38.8823,0.03154,33.977,35.203,36.43,37.656,38.882,40.109,41.335,42.561,43.788
76,1,38.9244,0.03153,34.015,35.243,36.47,37.697,38.924,40.152,41.379,42.606,43.834
77,1,38.9661,0.03152,34.053,35.281,36.51,37.738,38.966,40.194,41.423,42.651,43.879
78,1,39.0075,0.03151,34.091,35.32,36.549,37.778,39.008,40.237,41.466,42.695,43.924
79,1,39.0487,0.0315,34.129,35.359,36.589,37.819,39.049,40.279,41.509,42.739,43.969
80,1,39.0895,0.03149,34.166,35.397,36.628,37.859,39.09,40.32,41.551,42.782,44.013
81,1,39.1301,0.03149,34.201,35.433,36.666,37.898,39.13,40.362,41.595,42.827,44.059
82,1,39.1704,0.03148,34.238,35.471,36.704,37.937,39.17,40.403,41.637,42.87,44.103
83,1,39.2104,0.03147,34.275,35.509,36.742,37.976,39.21,40.444,41.678,42.912,44.146
84,1,39.2501,0.03146,34.311,35.546,36.78,38.015,39.25,40.485,41.72,42.955,44.189
85,1,39.2896,0.03145,34.347,35.583,36.818,38.054,39.29,40.525,41.761,42.997,44.232
86,1,39.3288,0.03144,34.383,35.619,36.856,38.092,39.329,40.565,41.802,43.038,44.275
87,1,39.3677,0.03144,34.417,35.655,36.892,38.13,39.368,40.605,41.843,43.081,44.319
88,1,39.4064,0.03143,34.452,35.691,36.929,38.168,39.406,40.645,41.883,43.122,44.361
89,1,39.4448,0.03142,34.487,35.727,36.966,38.205,39.445,40.684,41.924,43.163,44.402
90,1,39.483,0.03141,34.522,35.763,37.003,38.243,39.483,40.723,41.963,43.203,44.444
91,1,39.521,0.0314,34.557,35.798,37.039,38.28,39.521,40.762,42.003,43.244,44.485
92,1,39.5587,0.0314,34.59,35.832,37.074,38.317,39.559,40.801,42.043,43.285,44.527
93,1,39.5962,0.03139,34.625,35.867,37.11,38.353,39.596,40.839,42.082,43.325,44.568
94,1,39.6335,0.03138,34.659,35.902,37.146,38.39,39.634,40.877,42.121,43.365,44.608
95,1,39.6705,0.03137,34.693,35.937,37.182,38.426,39.67,40.915,42.159,43.404,44.648
96,1,39.7073,0.03137,34.725,35.97,37.216,38.462,39.707,40.953,42.199,43.444,44.69
97,1,39.7438,0.03136,34.758,36.005,37.251,38.497,39.744,40.99,42.237,43.483,44.729
98,1,39.7802,0.03135,34.792,36.039,37.286,38.533,39.78,41.027,42.274,43.522,44.769
99,1,39.8163,0.03134,34.825,36.073,37.321,38.568,39.816,41.064,42.312,43.56,44.808
100,1,39.8522,0.03134,34.856,36.105,37.354,38.603,39.852,41.101,42.35,43.599,44.848
101,1,39.8879,0.03133,34.889,36.139,37.389,38.638,39.888,41.138,42.387,43.637,44.887
102,1,39.9233,0.03132,34.922,36.172,37.423,38.673,39.923,41.174,42.424,43.674,44.925
103,1,39.9586,0.03131,34.954,36.205,37.456,38.707,39.959,41.21,42.461,43.712,44.963
104,1,39.9936,0.03131,34.985,36.237,37.489,38.741,39.994,41.246,42.498,43.75,45.002
105,1,40.0284,0.0313,35.017,36.27,37.523,38.776,40.028,41.281,42.534,43.787,45.04
106,1,40.063,0.03129,35.049,36.302,37.556,38.809,40.063,41.317,42.57,43.824,45.077
107,1,40.0974,0.03129,35.079,36.333,37.588,38.843,40.097,41.352,42.607,43.861,45.116
108,1,40.1316,0.03128,35.11,36.366,37.621,38.876,40.132,41.387,42.642,43.898,45.153
109,1,40.1656,0.03127,35.142,36.398,37.654,38.91,40.166,41.422,42.678,43.934,45.19
110,1,40.1994,0.03127,35.171,36.428,37.685,38.942,40.199,41.456,42.713,43.971,45.228
111,1,40.233,0.03126,35.202,36.46,37.718,38.975,40.233,41.491,42.748,44.006,45.264
112,1,40.2664,0.03125,35.233,36.491,37.75,39.008,40.266,41.525,42.783,44.041,45.3
113,1,40.2995,0.03125,35.262,36.521,37.781,39.04,40.3,41.559,42.818,44.078,45.337
114,1,40.3325,0.03124,35.293,36.553,37.813,39.073,40.332,41.592,42.852,44.112,45.372
115,1,40.3653,0.03123,35.323,36.583,37.844,39.105,40.365,41.626,42.887,44.147,45.408
116,1,40.3979,0.03123,35.351,36.613,37.875,39.136,40.398,41.66,42.921,44.183,45.444
117,1,40.4303,0.03122,35.381,36.644,37.906,39.168,40.43,41.693,42.955,44.217,45.479
118,1,40.4625,0.03121,35.411,36.674,37.937,39.2,40.462,41.725,42.988,44.251,45.514
119,1,40.4946,0.03121,35.439,36.703,37.967,39.231,40.495,41.758,43.022,44.286,45.55
120,1,40.5264,0.0312,35.469,36.733,37.998,39.262,40.526,41.791,43.055,44.32,45.584
121,1,40.5581,0.0312,35.496,36.762,38.027,39.293,40.558,41.824,43.089,44.354,45.62
122,1,40.5895,0.03119,35.526,36.792,38.058,39.324,40.59,41.855,43.121,44.387,45.653
123,1,40.6208,0.03118,35.555,36.821,38.088,39.354,40.621,41.887,43.154,44.42,45.687
124,1,40.6519,0.03118,35.582,36.849,38.117,39.384,40.652,41.919,43.187,44.454,45.722
125,1,40.6829,0.03117,35.611,36.879,38.147,39.415,40.683,41.951,43.219,44.487,45.755
126,1,40.7136,0.03117,35.637,36.906,38.176,39.445,40.714,41.983,43.252,44.521,45.79
127,1,40.7442,0.03116,35.666,36.935,38.205,39.475,40.744,42.014,43.283,44.553,45.823
128,1,40.7746,0.03115,35.694,36.964,38.234,39.504,40.775,42.045,43.315,44.585,45.855
129,1,40.8048,0.03115,35.721,36.992,38.263,39.534,40.805,42.076,43.347,44.618,45.889
130,1,40.8348,0.03114,35.748,37.02,38.292,39.563,40.835,42.106,43.378,44.65,45.921
131,1,40.8647,0.03114,35.775,37.047,38.32,39.592,40.865,42.137,43.41,44.682,45.955
132,1,40.8944,0.03113,35.802,37.075,38.348,39.621,40.894,42.167,43.44,44.714,45.987
133,1,40.9239,0.03112,35.83,37.103,38.377,39.65,40.924,42.197,43.471,44.745,46.018
134,1,40.9533,0.03112,35.855,37.13,38.404,39.679,40.953,42.228,43.502,44.777,46.051
135,1,40.9824,0.03111,35.883,37.158,38.432,39.707,40.982,42.257,43.532,44.807,46.082
136,1,41.0115,0.03111,35.908,37.184,38.46,39.736,41.012,42.287,43.563,44.839,46.115
137,1,41.0403,0.0311,35.935,37.211,38.488,39.764,41.04,42.317,43.593,44.869,46.146
138,1,41.069,0.0311,35.96,37.237,38.515,39.792,41.069,42.346,43.623,44.901,46.178
139,1,41.0975,0.03109,35.987,37.264,38.542,39.82,41.098,42.375,43.653,44.931,46.208
140,1,41.1259,0.03108,36.013,37.291,38.57,39.848,41.126,42.404,43.682,44.96,46.239
141,1,41.1541,0.03108,36.038,37.317,38.596,39.875,41.154,42.433,43.712,44.991,46.27
142,1,41.1821,0.03107,36.064,37.344,38.623,39.903,41.182,42.462,43.741,45.021,46.3
143,1,41.21,0.03107,36.088,37.369,38.649,39.93,41.21,42.49,43.771,45.051,46.332
144,1,41.2378,0.03106,36.114,37.395,38.676,39.957,41.238,42.519,43.799,45.08,46.361
145,1,41.2653,0.03106,36.138,37.42,38.702,39.984,41.265,42.547,43.829,45.11,46.392
146,1,41.2927,0.03105,36.164,37.446,38.728,40.011,41.293,42.575,43.857,45.139,46.421
147,1,41.32,0.03105,36.188,37.471,38.754,40.037,41.32,42.603,43.886,45.169,46.452
148,1,41.3471,0.03104,36.213,37.497,38.78,40.064,41.347,42.631,43.914,45.197,46.481
149,1,41.3741,0.03104,36.237,37.521,38.806,40.09,41.374,42.658,43.943,45.227,46.511
150,1,41.4009,0.03103,36.262,37.547,38.832,40.116,41.401,42.686,43.97,45.255,46.54
151,1,41.4275,0.03103,36.286,37.571,38.857,40.142,41.428,42.713,43.998,45.284,46.569
152,1,41.454,0.03102,36.31,37.596,38.882,40.168,41.454,42.74,44.026,45.312,46.598
153,1,41.4804,0.03102,36.334,37.62,38.907,40.194,41.48,42.767,44.054,45.341,46.627
154,1,41.5066,0.03101,36.358,37.645,38.932,40.219,41.507,42.794,44.081,45.368,46.655
155,1,41.5327,0.03101,36.381,37.669,38.957,40.245,41.533,42.821,44.109,45.396,46.684
156,1,41.5586,0.031,36.405,37.694,38.982,40.27,41.559,42.847,44.135,45.424,46.712
157,1,41.5844,0.03099,36.43,37.718,39.007,40.296,41.584,42.873,44.162,45.451,46.739
158,1,41.61,0.03099,36.452,37.742,39.031,40.321,41.61,42.899,44.189,45.478,46.768
159,1,41.6355,0.03098,36.476,37.766,39.056,40.346,41.636,42.925,44.215,45.505,46.795
160,1,41.6609,0.03098,36.498,37.789,39.08,40.37,41.661,42.952,44.242,45.533,46.824
161,1,41.6861,0.03098,36.52,37.812,39.103,40.395,41.686,42.978,44.269,45.56,46.852
162,1,41.7112,0.03097,36.544,37.836,39.128,40.419,41.711,43.003,44.295,45.587,46.878
163,1,41.7362,0.03097,36.566,37.858,39.151,40.444,41.736,43.029,44.321,45.614,46.906
164,1,41.761,0.03096,36.589,37.882,39.175,40.468,41.761,43.054,44.347,45.64,46.933
165,1,41.7857,0.03096,36.611,37.905,39.198,40.492,41.786,43.079,44.373,45.667,46.96
166,1,41.8102,0.03095,36.634,37.928,39.222,40.516,41.81,43.104,44.398,45.692,46.986
167,1,41.8346,0.03095,36.655,37.95,39.245,40.54,41.835,43.129,44.424,45.719,47.014
168,1,41.8589,0.03094,36.678,37.974,39.269,40.564,41.859,43.154,44.449,45.744,47.039
169,1,41.8831,0.03094,36.7,37.996,39.291,40.587,41.883,43.179,44.475,45.771,47.067
170,1,41.9071,0.03093,36.722,38.019,39.315,40.611,41.907,43.203,44.499,45.796,47.092
171,1,41.931,0.03093,36.743,38.04,39.337,40.634,41.931,43.228,44.525,45.822,47.119
172,1,41.9548,0.03092,36.766,38.063,39.36,40.658,41.955,43.252,44.549,45.847,47.144
173,1,41.9784,0.03092,36.787,38.084,39.382,40.68,41.978,43.276,44.574,45.872,47.17
174,1,42.0019,0.03091,36.809,38.107,39.405,40.704,42.002,43.3,44.598,45.897,47.195
175,1,42.0253,0.03091,36.829,38.128,39.427,40.726,42.025,43.324,44.623,45.922,47.221
176,1,42.0485,0.0309,36.851,38.151,39.45,40.749,42.048,43.348,44.647,45.946,47.246
177,1,42.0717,0.0309,36.872,38.172,39.472,40.772,42.072,43.372,44.672,45.972,47.272
178,1,42.0947,0.03089,36.893,38.194,39.494,40.794,42.095,43.395,44.695,45.996,47.296
179,1,42.1176,0.03089,36.914,38.215,39.516,40.817,42.118,43.419,44.72,46.021,47.322
180,1,42.1403,0.03089,36.933,38.235,39.537,40.839,42.14,43.442,44.744,46.045,47.347
181,1,42.163,0.03088,36.955,38.257,39.559,40.861,42.163,43.465,44.767,46.069,47.371
182,1,42.1855,0.03088,36.975,38.277,39.58,40.883,42.186,43.488,44.791,46.094,47.396
183,1,42.2079,0.03087,36.996,38.299,39.602,40.905,42.208,43.511,44.814,46.117,47.42
184,1,42.2302,0.03087,37.016,38.319,39.623,40.927,42.23,43.534,44.837,46.141,47.445
185,1,42.2523,0.03086,37.037,38.341,39.644,40.948,42.252,43.556,44.86,46.164,47.468
186,1,42.2744,0.03086,37.056,38.361,39.665,40.97,42.274,43.579,44.884,46.188,47.493
187,1,42.2963,0.03085,37.077,38.382,39.687,40.991,42.296,43.601,44.906,46.211,47.516
188,1,42.3181,0.03085,37.096,38.402,39.707,41.013,42.318,43.624,44.929,46.235,47.54
189,1,42.3398,0.03085,37.115,38.421,39.727,41.034,42.34,43.646,44.952,46.258,47.565
190,1,42.3614,0.03084,37.136,38.442,39.749,41.055,42.361,43.668,44.974,46.281,47.587
191,1,42.3829,0.03084,37.155,38.462,39.769,41.076,42.383,43.69,44.997,46.304,47.611
192,1,42.4042,0.03083,37.175,38.482,39.79,41.097,42.404,43.712,45.019,46.326,47.633
193,1,42.4255,0.03083,37.194,38.502,39.81,41.118,42.426,43.733,45.041,46.349,47.657
194,1,42.4466,0.03082,37.214,38.522,39.83,41.138,42.447,43.755,45.063,46.371,47.679
195,1,42.4676,0.03082,37.232,38.541,39.85,41.159,42.468,43.776,45.085,46.394,47.703
196,1,42.4885,0.03082,37.251,38.56,39.87,41.179,42.488,43.798,45.107,46.417,47.726
197,1,42.5093,0.03081,37.27,38.58,39.89,41.2,42.509,43.819,45.129,46.438,47.748
198,1,42.53,0.03081,37.289,38.599,39.909,41.22,42.53,43.84,45.151,46.461,47.771
199,1,42.5506,0.0308,37.308,38.619,39.929,41.24,42.551,43.861,45.172,46.482,47.793
200,1,42.5711,0.0308,37.326,38.638,39.949,41.26,42.571,43.882,45.193,46.505,47.816
201,1,42.5915,0.03079,37.346,38.657,39.969,41.28,42.592,43.903,45.214,46.526,47.837
202,1,42.6117,0.03079,37.364,38.676,39.988,41.3,42.612,43.924,45.236,46.548,47.86
203,1,42.6319,0.03079,37.381,38.694,40.007,41.319,42.632,43.945,45.257,46.57,47.882
204,1,42.6519,0.03078,37.401,38.713,40.026,41.339,42.652,43.965,45.278,46.59,47.903
205,1,42.6719,0.03078,37.418,38.732,40.045,41.358,42.672,43.985,45.299,46.612,47.926
206,1,42.6917,0.03077,37.437,38.751,40.064,41.378,42.692,44.005,45.319,46.633,47.946
207,1,42.7115,0.03077,37.455,38.769,40.083,41.397,42.712,44.026,45.34,46.654,47.968
208,1,42.7311,0.03077,37.472,38.787,40.101,41.416,42.731,44.046,45.361,46.676,47.99
209,1,42.7507,0.03076,37.491,38.806,40.121,41.436,42.751,44.066,45.381,46.696,48.011
210,1,42.7701,0.03076,37.508,38.823,40.139,41.454,42.77,44.086,45.401,46.717,48.033
211,1,42.7894,0.03075,37.526,38.842,40.158,41.474,42.789,44.105,45.421,46.737,48.052
212,1,42.8087,0.03075,37.543,38.86,40.176,41.492,42.809,44.125,45.441,46.758,48.074
213,1,42.8278,0.03075,37.56,38.877,40.194,41.511,42.828,44.145,45.462,46.779,48.096
214,1,42.8469,0.03074,37.578,38.896,40.213,41.53,42.847,44.164,45.481,46.798,48.115
215,1,42.8658,0.03074,37.595,38.913,40.23,41.548,42.866,44.183,45.501,46.819,48.137
216,1,42.8846,0.03073,37.613,38.931,40.249,41.567,42.885,44.202,45.52,46.838,48.156
217,1,42.9034,0.03073,37.63,38.948,40.267,41.585,42.903,44.222,45.54,46.859,48.177
218,1,42.922,0.03073,37.646,38.965,40.284,41.603,42.922,44.241,45.56,46.879,48.198
219,1,42.9406,0.03072,37.664,38.983,40.302,41.621,42.941,44.26,45.579,46.898,48.217
220,1,42.9591,0.03072,37.68,39.0,40.32,41.639,42.959,44.279,45.599,46.918,48.238
221,1,42.9774,0.03072,37.696,39.017,40.337,41.657,42.977,44.298,45.618,46.938,48.258
222,1,42.9957,0.03071,37.714,39.035,40.355,41.675,42.996,44.316,45.636,46.957,48.277
223,1,43.0139,0.03071,37.73,39.051,40.372,41.693,43.014,44.335,45.656,46.977,48.298
224,1,43.032,0.0307,37.748,39.069,40.39,41.711,43.032,44.353,45.674,46.995,48.316
225,1,43.05,0.0307,37.763,39.085,40.407,41.728,43.05,44.372,45.693,47.015,48.337
226,1,43.0679,0.0307,37.779,39.101,40.424,41.746,43.068,44.39,45.712,47.034,48.357
227,1,43.0857,0.03069,37.796,39.119,40.441,41.763,43.086,44.408,45.73,47.053,48.375
228,1,43.1034,0.03069,37.812,39.135,40.458,41.781,43.103,44.426,45.749,47.072,48.395
229,1,43.1211,0.03069,37.828,39.151,40.474,41.798,43.121,44.444,45.768,47.091,48.415
230,1,43.1386,0.03068,37.845,39.168,40.492,41.815,43.139,44.462,45.786,47.109,48.433
231,1,43.1561,0.03068,37.86,39.184,40.508,41.832,43.156,44.48,45.804,47.128,48.452
232,1,43.1734,0.03067,37.877,39.201,40.525,41.849,43.173,44.498,45.822,47.146,48.47
233,1,43.1907,0.03067,37.892,39.217,40.541,41.866,43.191,44.515,45.84,47.165,48.489
234,1,43.2079,0.03067,37.907,39.232,40.558,41.883,43.208,44.533,45.858,47.183,48.509
235,1,43.225,0.03066,37.924,39.249,40.574,41.9,43.225,44.55,45.876,47.201,48.526
236,1,43.2421,0.03066,37.939,39.265,40.59,41.916,43.242,44.568,45.894,47.22,48.545
237,1,43.259,0.03066,37.954,39.28,40.606,41.933,43.259,44.585,45.912,47.238,48.564
238,1,43.2759,0.03065,37.97,39.297,40.623,41.949,43.276,44.602,45.929,47.255,48.582
239,1,43.2926,0.03065,37.985,39.312,40.639,41.966,43.293,44.62,45.946,47.273,48.6
240,1,43.3093,0.03065,38.0,39.327,40.654,41.982,43.309,44.637,45.964,47.292,48.619
241,1,43.3259,0.03064,38.016,39.343,40.671,41.998,43.326,44.653,45.981,47.308,48.636
242,1,43.3424,0.03064,38.03,39.358,40.686,42.014,43.342,44.67,45.998,47.326,48.654
243,1,43.3589,0.03063,38.047,39.375,40.703,42.031,43.359,44.687,46.015,47.343,48.671
244,1,43.3753,0.03063,38.061,39.39,40.718,42.047,43.375,44.704,46.032,47.361,48.69
245,1,43.3915,0.03063,38.075,39.404,40.733,42.062,43.392,44.721,46.05,47.379,48.708
246,1,43.4077,0.03062,38.091,39.42,40.749,42.079,43.408,44.737,46.066,47.395,48.724
247,1,43.4239,0.03062,38.105,39.435,40.765,42.094,43.424,44.754,46.083,47.413,48.742
248,1,43.4399,0.03062,38.119,39.45,40.78,42.11,43.44,44.77,46.1,47.43,48.76
249,1,43.4559,0.03061,38.135,39.465,40.796,42.126,43.456,44.786,46.116,47.446,48.777
250,1,43.4717,0.03061,38.149,39.48,40.81,42.141,43.472,44.802,46.133,47.464,48.794
251,1,43.4876,0.03061,38.163,39.494,40.825,42.156,43.488,44.819,46.15,47.481,48.812
252,1,43.5033,0.0306,38.178,39.51,40.841,42.172,43.503,44.835,46.166,47.497,48.828
253,1,43.5189,0.0306,38.192,39.524,40.856,42.187,43.519,44.851,46.182,47.514,48.846
254,1,43.5345,0.0306,38.206,39.538,40.87,42.202,43.534,44.867,46.199,47.531,48.863
255,1,43.55,0.03059,38.221,39.553,40.886,42.218,43.55,44.882,46.214,47.547,48.879
256,1,43.5654,0.03059,38.235,39.567,40.9,42.233,43.565,44.898,46.231,47.563,48.896
257,1,43.5808,0.03059,38.248,39.581,40.915,42.248,43.581,44.914,46.247,47.58,48.913
258,1,43.5961,0.03058,38.263,39.597,40.93,42.263,43.596,44.929,46.262,47.596,48.929
259,1,43.6113,0.03058,38.277,39.61,40.944,42.278,43.611,44.945,46.279,47.612,48.946
260,1,43.6264,0.03058,38.29,39.624,40.958,42.292,43.626,44.96,46.295,47.629,48.963
261,1,43.6415,0.03057,38.305,39.639,40.973,42.307,43.642,44.976,46.31,47.644,48.978
262,1,43.6564,0.03057,38.318,39.653,40.987,42.322,43.656,44.991,46.326,47.66,48.995
263,1,43.6714,0.03057,38.331,39.666,41.001,42.336,43.671,45.006,46.341,47.677,49.012
264,1,43.6862,0.03056,38.346,39.681,41.016,42.351,43.686,45.021,46.356,47.691,49.026
265,1,43.701,0.03056,38.359,39.694,41.03,42.365,43.701,45.037,46.372,47.708,49.043
266,1,43.7157,0.03056,38.372,39.708,41.044,42.38,43.716,45.052,46.388,47.724,49.06
267,1,43.7303,0.03055,38.386,39.722,41.058,42.394,43.73,45.066,46.402,47.738,49.074
268,1,43.7449,0.03055,38.399,39.736,41.072,42.408,43.745,45.081,46.418,47.754,49.091
269,1,43.7594,0.03055,38.412,39.749,41.086,42.423,43.759,45.096,46.433,47.77,49.107
270,1,43.7738,0.03054,38.426,39.763,41.1,42.437,43.774,45.111,46.448,47.784,49.121
271,1,43.7882,0.03054,38.439,39.776,41.114,42.451,43.788,45.125,46.463,47.8,49.137
272,1,43.8025,0.03054,38.452,39.789,41.127,42.465,43.802,45.14,46.478,47.816,49.153
273,1,43.8167,0.03053,38.466,39.804,41.141,42.479,43.817,45.154,46.492,47.83,49.168
274,1,43.8309,0.03053,38.478,39.816,41.155,42.493,43.831,45.169,46.507,47.845,49.184
275,1,43.845,0.03053,38.491,39.829,41.168,42.506,43.845,45.184,46.522,47.861,49.199
276,1,43.859,0.03052,38.505,39.843,41.182,42.52,43.859,45.198,46.536,47.875,49.213
277,1,43.873,0.03052,38.517,39.856,41.195,42.534,43.873,45.212,46.551,47.89,49.229
278,1,43.8869,0.03052,38.529,39.869,41.208,42.547,43.887,45.226,46.566,47.905,49.245
279,1,43.9007,0.03051,38.543,39.882,41.222,42.561,43.901,45.24,46.58,47.919,49.258
280,1,43.9145,0.03051,38.555,39.895,41.235,42.575,43.914,45.254,46.594,47.934,49.274
281,1,43.9282,0.03051,38.567,39.907,41.248,42.588,43.928,45.268,46.609,47.949,49.289
282,1,43.9419,0.0305,38.581,39.921,41.261,42.602,43.942,45.282,46.622,47.963,49.303
283,1,43.9555,0.0305,38.593,39.934,41.274,42.615,43.956,45.296,46.637,47.977,49.318
284,1,43.969,0.0305,38.605,39.946,41.287,42.628,43.969,45.31,46.651,47.992,49.333
285,1,43.9824,0.03049,38.618,39.959,41.3,42.641,43.982,45.323,46.664,48.005,49.346
286,1,43.9959,0.03049,38.63,39.972,41.313,42.654,43.996,45.337,46.679,48.02,49.362
287,1,44.0092,0.03049,38.642,39.984,41.326,42.667,44.009,45.351,46.693,48.035,49.377
288,1,44.0225,0.03049,38.654,39.996,41.338,42.68,44.022,45.365,46.707,48.049,49.391
289,1,44.0357,0.03048,38.667,40.009,41.351,42.693,44.036,45.378,46.72,48.062,49.405
290,1,44.0489,0.03048,38.678,40.021,41.364,42.706,44.049,45.392,46.734,48.077,49.419
291,1,44.062,0.03048,38.69,40.033,41.376,42.719,44.062,45.405,46.748,48.091,49.434
292,1,44.0751,0.03047,38.703,40.046,41.389,42.732,44.075,45.418,46.761,48.104,49.447
293,1,44.088,0.03047,38.715,40.058,41.401,42.745,44.088,45.431,46.775,48.118,49.461
294,1,44.101,0.03047,38.726,40.07,41.413,42.757,44.101,45.445,46.789,48.132,49.476
295,1,44.1139,0.03046,38.739,40.083,41.426,42.77,44.114,45.458,46.801,48.145,49.489
296,1,44.1267,0.03046,38.75,40.094,41.439,42.783,44.127,45.471,46.815,48.159,49.503
297,1,44.1395,0.03046,38.762,40.106,41.451,42.795,44.14,45.484,46.828,48.173,49.517
298,1,44.1522,0.03045,38.774,40.119,41.463,42.808,44.152,45.497,46.841,48.186,49.53
299,1,44.1648,0.03045,38.786,40.13,41.475,42.82,44.165,45.51,46.854,48.199,49.544
300,1,44.1774,0.03045,38.797,40.142,41.487,42.832,44.177,45.523,46.868,48.213,49.558
301,1,44.19,0.03045,38.808,40.153,41.499,42.844,44.19,45.536,46.881,48.227,49.572
302,1,44.2025,0.03044,38.82,40.166,41.511,42.857,44.202,45.548,46.894,48.239,49.585
303,1,44.2149,0.03044,38.831,40.177,41.523,42.869,44.215,45.561,46.907,48.253,49.599
304,1,44.2273,0.03044,38.842,40.188,41.535,42.881,44.227,45.574,46.92,48.266,49.612
305,1,44.2396,0.03043,38.855,40.201,41.547,42.893,44.24,45.586,46.932,48.278,49.624
306,1,44.2519,0.03043,38.866,40.212,41.559,42.905,44.252,45.598,46.945,48.292,49.638
307,1,44.2641,0.03043,38.876,40.223,41.57,42.917,44.264,45.611,46.958,48.305,49.652
308,1,44.2763,0.03043,38.887,40.234,41.582,42.929,44.276,45.624,46.971,48.318,49.666
309,1,44.2884,0.03042,38.899,40.247,41.594,42.941,44.288,45.636,46.983,48.33,49.677
310,1,44.3005,0.03042,38.91,40.258,41.605,42.953,44.3,45.648,46.996,48.343,49.691
311,1,44.3125,0.03042,38.921,40.269,41.617,42.965,44.312,45.66,47.008,48.356,49.704
312,1,44.3245,0.03041,38.933,40.281,41.629,42.977,44.324,45.672,47.02,48.368,49.716
313,1,44.3364,0.03041,38.943,40.292,41.64,42.988,44.336,45.685,47.033,48.381,49.729
314,1,44.3483,0.03041,38.954,40.302,41.651,43.0,44.348,45.697,47.046,48.394,49.743
315,1,44.3601,0.0304,38.966,40.314,41.663,43.012,44.36,45.709,47.057,48.406,49.754
316,1,44.3719,0.0304,38.976,40.325,41.674,43.023,44.372,45.721,47.07,48.419,49.768
317,1,44.3836,0.0304,38.987,40.336,41.685,43.034,44.384,45.733,47.082,48.431,49.781
318,1,44.3952,0.0304,38.997,40.346,41.696,43.046,44.395,45.745,47.094,48.444,49.794
319,1,44.4069,0.03039,39.009,40.358,41.708,43.057,44.407,45.756,47.106,48.455,49.805
320,1,44.4184,0.03039,39.019,40.369,41.719,43.069,44.418,45.768,47.118,48.468,49.818
321,1,44.43,0.03039,39.029,40.379,41.73,43.08,44.43,45.78,47.13,48.481,49.831
322,1,44.4414,0.03038,39.041,40.391,41.741,43.091,44.441,45.792,47.142,48.492,49.842
323,1,44.4529,0.03038,39.051,40.401,41.752,43.102,44.453,45.803,47.154,48.504,49.855
324,1,44.4643,0.03038,39.061,40.412,41.763,43.113,44.464,45.815,47.166,48.517,49.868
325,1,44.4756,0.03038,39.071,40.422,41.773,43.124,44.476,45.827,47.178,48.529,49.88
326,1,44.4869,0.03037,39.083,40.434,41.785,43.136,44.487,45.838,47.189,48.54,49.891
327,1,44.4981,0.03037,39.092,40.444,41.795,43.147,44.498,45.85,47.201,48.552,49.904
328,1,44.5093,0.03037,39.102,40.454,41.806,43.158,44.509,45.861,47.213,48.565,49.916
329,1,44.5205,0.03037,39.112,40.464,41.816,43.168,44.52,45.873,47.225,48.577,49.929
330,1,44.5316,0.03036,39.124,40.476,41.828,43.18,44.532,45.884,47.236,48.588,49.94
331,1,44.5427,0.03036,39.133,40.486,41.838,43.19,44.543,45.895,47.247,48.6,49.952
332,1,44.5537,0.03036,39.143,40.496,41.848,43.201,44.554,45.906,47.259,48.612,49.964
333,1,44.5646,0.03035,39.154,40.507,41.86,43.212,44.565,45.917,47.27,48.622,49.975
334,1,44.5756,0.03035,39.164,40.517,41.87,43.223,44.576,45.928,47.281,48.634,49.987
335,1,44.5865,0.03035,39.174,40.527,41.88,43.233,44.586,45.94,47.293,48.646,49.999
336,1,44.5973,0.03035,39.183,40.537,41.89,43.244,44.597,45.951,47.304,48.658,50.011
337,1,44.6081,0.03034,39.194,40.548,41.901,43.255,44.608,45.962,47.315,48.668,50.022
338,1,44.6189,0.03034,39.204,40.558,41.911,43.265,44.619,45.973,47.326,48.68,50.034
339,1,44.6296,0.03034,39.213,40.567,41.921,43.276,44.63,45.984,47.338,48.692,50.046
340,1,44.6402,0.03034,39.223,40.577,41.931,43.286,44.64,45.995,47.349,48.703,50.058
341,1,44.6509,0.03033,39.234,40.588,41.942,43.297,44.651,46.005,47.359,48.714,50.068
342,1,44.6615,0.03033,39.243,40.598,41.952,43.307,44.662,46.016,47.371,48.725,50.08
343,1,44.672,0.03033,39.252,40.607,41.962,43.317,44.672,46.027,47.382,48.737,50.092
344,1,44.6825,0.03032,39.263,40.618,41.973,43.328,44.682,46.037,47.392,48.747,50.102
345,1,44.693,0.03032,39.273,40.628,41.983,43.338,44.693,46.048,47.403,48.758,50.113
346,1,44.7034,0.03032,39.282,40.637,41.993,43.348,44.703,46.059,47.414,48.77,50.125
347,1,44.7138,0.03032,39.291,40.647,42.002,43.358,44.714,46.07,47.425,48.781,50.137
348,1,44.7241,0.03031,39.302,40.657,42.013,43.369,44.724,46.08,47.435,48.791,50.146
349,1,44.7344,0.03031,39.311,40.667,42.023,43.379,44.734,46.09,47.446,48.802,50.158
350,1,44.7447,0.03031,39.32,40.676,42.032,43.388,44.745,46.101,47.457,48.813,50.17
351,1,44.7549,0.03031,39.329,40.685,42.042,43.398,44.755,46.111,47.468,48.824,50.181
352,1,44.7651,0.0303,39.34,40.696,42.052,43.409,44.765,46.121,47.478,48.834,50.191
353,1,44.7752,0.0303,39.348,40.705,42.062,43.419,44.775,46.132,47.489,48.845,50.202
354,1,44.7853,0.0303,39.357,40.714,42.071,43.428,44.785,46.142,47.499,48.856,50.213
355,1,44.7954,0.0303,39.366,40.723,42.081,43.438,44.795,46.153,47.51,48.867,50.225
356,1,44.8054,0.03029,39.377,40.734,42.091,43.448,44.805,46.163,47.52,48.877,50.234
357,1,44.8154,0.03029,39.386,40.743,42.1,43.458,44.815,46.173,47.53,48.888,50.245
358,1,44.8254,0.03029,39.394,40.752,42.11,43.468,44.825,46.183,47.541,48.899,50.256
359,1,44.8353,0.03028,39.405,40.762,42.12,43.478,44.835,46.193,47.551,48.908,50.266
360,1,44.8452,0.03028,39.414,40.771,42.129,43.487,44.845,46.203,47.561,48.919,50.277
361,1,44.855,0.03028,39.422,40.78,42.139,43.497,44.855,46.213,47.571,48.93,50.288
362,1,44.8648,0.03028,39.431,40.789,42.148,43.506,44.865,46.223,47.582,48.94,50.299
363,1,44.8746,0.03027,39.441,40.8,42.158,43.516,44.875,46.233,47.591,48.95,50.308
364,1,44.8844,0.03027,39.45,40.808,42.167,43.526,44.884,46.243,47.602,48.96,50.319
365,1,44.894,0.03027,39.458,40.817,42.176,43.535,44.894,46.253,47.612,48.971,50.33
366,1,44.9037,0.03027,39.467,40.826,42.185,43.544,44.904,46.263,47.622,48.981,50.341
367,1,44.9133,0.03026,39.477,40.836,42.195,43.554,44.913,46.272,47.631,48.991,50.35
368,1,44.9229,0.03026,39.485,40.845,42.204,43.564,44.923,46.282,47.642,49.001,50.36
369,1,44.9325,0.03026,39.494,40.854,42.213,43.573,44.932,46.292,47.652,49.011,50.371
370,1,44.942,0.03026,39.502,40.862,42.222,43.582,44.942,46.302,47.662,49.022,50.382
371,1,44.9515,0.03025,39.512,40.872,42.232,43.592,44.952,46.311,47.671,49.031,50.391
372,1,44.9609,0.03025,39.521,40.881,42.241,43.601,44.961,46.321,47.681,49.041,50.401
373,1,44.9704,0.03025,39.529,40.889,42.25,43.61,44.97,46.331,47.691,49.051,50.412
374,1,44.9797,0.03025,39.537,40.898,42.258,43.619,44.98,46.34,47.701,49.062,50.422
375,1,44.9891,0.03024,39.547,40.908,42.268,43.629,44.989,46.35,47.71,49.071,50.431
376,1,44.9984,0.03024,39.555,40.916,42.277,43.638,44.998,46.359,47.72,49.081,50.441
377,1,45.0077,0.03024,39.564,40.925,42.286,43.647,45.008,46.369,47.73,49.091,50.452
378,1,45.0169,0.03024,39.572,40.933,42.294,43.656,45.017,46.378,47.74,49.101,50.462
379,1,45.0262,0.03023,39.582,40.943,42.304,43.665,45.026,46.387,47.748,49.11,50.471
380,1,45.0353,0.03023,39.59,40.951,42.312,43.674,45.035,46.397,47.758,49.12,50.481
381,1,45.0445,0.03023,39.598,40.959,42.321,43.683,45.044,46.406,47.768,49.13,50.491
382,1,45.0536,0.03023,39.606,40.968,42.33,43.692,45.054,46.416,47.778,49.14,50.501
383,1,45.0627,0.03022,39.616,40.977,42.339,43.701,45.063,46.424,47.786,49.148,50.51
384,1,45.0717,0.03022,39.623,40.985,42.348,43.71,45.072,46.434,47.796,49.158,50.52
385,1,45.0808,0.03022,39.631,40.994,42.356,43.718,45.081,46.443,47.805,49.168,50.53
386,1,45.0897,0.03022,39.639,41.002,42.364,43.727,45.09,46.452,47.815,49.178,50.54
387,1,45.0987,0.03021,39.649,41.011,42.374,43.736,45.099,46.461,47.824,49.186,50.548
388,1,45.1076,0.03021,39.657,41.019,42.382,43.745,45.108,46.47,47.833,49.196,50.558
389,1,45.1165,0.03021,39.665,41.028,42.391,43.754,45.116,46.479,47.842,49.205,50.568
390,1,45.1254,0.03021,39.672,41.036,42.399,43.762,45.125,46.489,47.852,49.215,50.578
391,1,45.1342,0.0302,39.682,41.045,42.408,43.771,45.134,46.497,47.86,49.223,50.586
392,1,45.143,0.0302,39.69,41.053,42.416,43.78,45.143,46.506,47.87,49.233,50.596
393,1,45.1518,0.0302,39.697,41.061,42.425,43.788,45.152,46.515,47.879,49.243,50.606
394,1,45.1605,0.0302,39.705,41.069,42.433,43.797,45.16,46.524,47.888,49.252,50.616
395,1,45.1692,0.03019,39.715,41.078,42.442,43.806,45.169,46.533,47.897,49.26,50.624
396,1,45.1779,0.03019,39.722,41.086,42.45,43.814,45.178,46.542,47.906,49.27,50.634
397,1,45.1866,0.03019,39.73,41.094,42.458,43.822,45.187,46.551,47.915,49.279,50.643
398,1,45.1952,0.03019,39.737,41.102,42.466,43.831,45.195,46.56,47.924,49.289,50.653
399,1,45.2038,0.03019,39.745,41.11,42.474,43.839,45.204,46.569,47.933,49.298,50.663
400,1,45.2124,0.03018,39.754,41.119,42.483,43.848,45.212,46.577,47.941,49.306,50.67
401,1,45.2209,0.03018,39.762,41.127,42.491,43.856,45.221,46.586,47.95,49.315,50.68
402,1,45.2294,0.03018,39.769,41.134,42.499,43.864,45.229,46.594,47.959,49.324,50.689
403,1,45.2379,0.03018,39.777,41.142,42.507,43.873,45.238,46.603,47.968,49.334,50.699
404,1,45.2463,0.03017,39.786,41.151,42.516,43.881,45.246,46.611,47.976,49.342,50.707
405,1,45.2548,0.03017,39.793,41.159,42.524,43.889,45.255,46.62,47.985,49.351,50.716
406,1,45.2632,0.03017,39.801,41.166,42.532,43.898,45.263,46.629,47.994,49.36,50.726
407,1,45.2715,0.03017,39.808,41.174,42.54,43.906,45.272,46.637,48.003,49.369,50.735
408,1,45.2799,0.03016,39.817,41.183,42.549,43.914,45.28,46.646,48.011,49.377,50.742
409,1,45.2882,0.03016,39.825,41.191,42.556,43.922,45.288,46.654,48.02,49.386,50.752
410,1,45.2965,0.03016,39.832,41.198,42.564,43.93,45.296,46.663,48.029,49.395,50.761
411,1,45.3047,0.03016,39.839,41.206,42.572,43.938,45.305,46.671,48.037,49.404,50.77
412,1,45.313,0.03015,39.848,41.214,42.581,43.947,45.313,46.679,48.045,49.412,50.778
413,1,45.3212,0.03015,39.855,41.222,42.588,43.955,45.321,46.688,48.054,49.421,50.787
414,1,45.3294,0.03015,39.863,41.229,42.596,43.963,45.329,46.696,48.063,49.429,50.796
415,1,45.3375,0.03015,39.87,41.237,42.604,43.971,45.338,46.704,48.071,49.438,50.805
416,1,45.3456,0.03015,39.877,41.244,42.611,43.978,45.346,46.713,48.08,49.447,50.814
417,1,45.3537,0.03014,39.886,41.253,42.62,43.987,45.354,46.721,48.088,49.455,50.822
418,1,45.3618,0.03014,39.893,41.26,42.627,43.995,45.362,46.729,48.096,49.463,50.831
419,1,45.3699,0.03014,39.9,41.268,42.635,44.002,45.37,46.737,48.105,49.472,50.84
420,1,45.3779,0.03014,39.907,41.275,42.643,44.01,45.378,46.746,48.113,49.481,50.849
421,1,45.3859,0.03013,39.916,41.283,42.651,44.018,45.386,46.753,48.121,49.488,50.856
422,1,45.3939,0.03013,39.923,41.291,42.658,44.026,45.394,46.762,48.129,49.497,50.865
423,1,45.4018,0.03013,39.93,41.298,42.666,44.034,45.402,46.77,48.138,49.506,50.874
424,1,45.4097,0.03013,39.937,41.305,42.673,44.042,45.41,46.778,48.146,49.514,50.882
425,1,45.4176,0.03013,39.944,41.312,42.681,44.049,45.418,46.786,48.154,49.523,50.891
426,1,45.4255,0.03012,39.953,41.321,42.689,44.057,45.426,46.794,48.162,49.53,50.898
427,1,45.4334,0.03012,39.96,41.328,42.696,44.065,45.433,46.802,48.17,49.539,50.907
428,1,45.4412,0.03012,39.966,41.335,42.704,44.073,45.441,46.81,48.179,49.547,50.916
429,1,45.449,0.03012,39.973,41.342,42.711,44.08,45.449,46.818,48.187,49.556,50.925
430,1,45.4568,0.03011,39.982,41.351,42.719,44.088,45.457,46.826,48.194,49.563,50.932
431,1,45.4645,0.03011,39.989,41.358,42.727,44.096,45.464,46.833,48.202,49.571,50.94
432,1,45.4722,0.03011,39.996,41.365,42.734,44.103,45.472,46.841,48.211,49.58,50.949
433,1,45.48,0.03011,40.002,41.372,42.741,44.111,45.48,46.849,48.219,49.588,50.958
434,1,45.4876,0.0301,40.011,41.38,42.749,44.118,45.488,46.857,48.226,49.595,50.964
435,1,45.4953,0.0301,40.018,41.387,42.756,44.126,45.495,46.865,48.234,49.604,50.973
436,1,45.5029,0.0301,40.024,41.394,42.764,44.133,45.503,46.873,48.242,49.612,50.981
437,1,45.5105,0.0301,40.031,41.401,42.771,44.141,45.51,46.88,48.25,49.62,50.99
438,1,45.5181,0.0301,40.038,41.408,42.778,44.148,45.518,46.888,48.258,49.628,50.998
439,1,45.5257,0.03009,40.046,41.416,42.786,44.156,45.526,46.896,48.265,49.635,51.005
440,1,45.5332,0.03009,40.053,41.423,42.793,44.163,45.533,46.903,48.273,49.643,51.014
441,1,45.5408,0.03009,40.06,41.43,42.8,44.17,45.541,46.911,48.281,49.652,51.022
442,1,45.5483,0.03009,40.066,41.437,42.807,44.178,45.548,46.919,48.289,49.66,51.03
443,1,45.5558,0.03008,40.075,41.445,42.815,44.185,45.556,46.926,48.296,49.667,51.037
444,1,45.5632,0.03008,40.081,41.452,42.822,44.193,45.563,46.934,48.304,49.675,51.045
445,1,45.5706,0.03008,40.088,41.458,42.829,44.2,45.571,46.941,48.312,49.683,51.054
446,1,45.5781,0.03008,40.094,41.465,42.836,44.207,45.578,46.949,48.32,49.691,51.062
447,1,45.5854,0.03008,40.101,41.472,42.843,44.214,45.585,46.957,48.328,49.699,51.07
448,1,45.5928,0.03007,40.109,41.48,42.851,44.222,45.593,46.964,48.335,49.706,51.077
449,1,45.6002,0.03007,40.115,41.487,42.858,44.229,45.6,46.971,48.343,49.714,51.085
450,1,45.6075,0.03007,40.122,41.493,42.865,44.236,45.608,46.979,48.35,49.722,51.093
451,1,45.6148,0.03007,40.128,41.5,42.872,44.243,45.615,46.986,48.358,49.73,51.101
452,1,45.6221,0.03007,40.135,41.507,42.878,44.25,45.622,46.994,48.366,49.738,51.11
453,1,45.6293,0.03006,40.143,41.514,42.886,44.258,45.629,47.001,48.373,49.744,51.116
454,1,45.6366,0.03006,40.149,41.521,42.893,44.265,45.637,47.008,48.38,49.752,51.124
455,1,45.6438,0.03006,40.156,41.528,42.9,44.272,45.644,47.016,48.388,49.76,51.132
456,1,45.651,0.03006,40.162,41.534,42.906,44.279,45.651,47.023,48.396,49.768,51.14
457,1,45.6582,0.03005,40.17,41.542,42.914,44.286,45.658,47.03,48.402,49.774,51.146
458,1,45.6654,0.03005,40.176,41.549,42.921,44.293,45.665,47.038,48.41,49.782,51.154
459,1,45.6725,0.03005,40.183,41.555,42.928,44.3,45.672,47.045,48.417,49.79,51.162
460,1,45.6796,0.03005,40.189,41.562,42.934,44.307,45.68,47.052,48.425,49.798,51.17
461,1,45.6867,0.03005,40.195,41.568,42.941,44.314,45.687,47.06,48.432,49.805,51.178
462,1,45.6938,0.03004,40.203,41.576,42.949,44.321,45.694,47.066,48.439,49.812,51.184
463,1,45.7009,0.03004,40.209,41.582,42.955,44.328,45.701,47.074,48.447,49.819,51.192
464,1,45.7079,0.03004,40.216,41.589,42.962,44.335,45.708,47.081,48.454,49.827,51.2
465,1,45.715,0.03004,40.222,41.595,42.968,44.342,45.715,47.088,48.462,49.835,51.208
466,1,45.722,0.03004,40.228,41.602,42.975,44.349,45.722,47.095,48.469,49.842,51.216
467,1,45.729,0.03003,40.236,41.609,42.983,44.356,45.729,47.102,48.475,49.849,51.222
468,1,45.7359,0.03003,40.242,41.616,42.989,44.362,45.736,47.109,48.483,49.856,51.23
469,1,45.7429,0.03003,40.248,41.622,42.996,44.369,45.743,47.117,48.49,49.864,51.238
470,1,45.7498,0.03003,40.254,41.628,43.002,44.376,45.75,47.124,48.498,49.871,51.245
471,1,45.7567,0.03003,40.26,41.634,43.009,44.383,45.757,47.131,48.505,49.879,51.253
472,1,45.7636,0.03002,40.268,41.642,43.016,44.39,45.764,47.137,48.511,49.885,51.259
473,1,45.7705,0.03002,40.274,41.648,43.022,44.396,45.77,47.145,48.519,49.893,51.267
474,1,45.7774,0.03002,40.28,41.655,43.029,44.403,45.777,47.152,48.526,49.9,51.274
475,1,45.7842,0.03002,40.286,41.661,43.035,44.41,45.784,47.159,48.533,49.908,51.282
476,1,45.791,0.03001,40.294,41.668,43.043,44.417,45.791,47.165,48.539,49.914,51.288
477,1,45.7978,0.03001,40.3,41.675,43.049,44.423,45.798,47.172,48.547,49.921,51.295
478,1,45.8046,0.03001,40.306,41.681,43.055,44.43,45.805,47.179,48.554,49.928,51.303
479,1,45.8114,0.03001,40.312,41.687,43.062,44.437,45.811,47.186,48.561,49.936,51.311
480,1,45.8182,0.03001,40.318,41.693,43.068,44.443,45.818,47.193,48.568,49.943,51.318
481,1,45.8249,0.03,40.326,41.701,43.075,44.45,45.825,47.2,48.574,49.949,51.324
482,1,45.8316,0.03,40.332,41.707,43.082,44.457,45.832,47.207,48.581,49.956,51.331
483,1,45.8383,0.03,40.338,41.713,43.088,44.463,45.838,47.213,48.589,49.964,51.339
484,1,45.845,0.03,40.344,41.719,43.094,44.47,45.845,47.22,48.596,49.971,51.346
485,1,45.8517,0.03,40.349,41.725,43.101,44.476,45.852,47.227,48.603,49.978,51.354
486,1,45.8583,0.02999,40.357,41.732,43.108,44.483,45.858,47.234,48.609,49.984,51.359
487,1,45.865,0.02999,40.363,41.739,43.114,44.49,45.865,47.24,48.616,49.991,51.367
488,1,45.8716,0.02999,40.369,41.745,43.12,44.496,45.872,47.247,48.623,49.999,51.374
489,1,45.8782,0.02999,40.375,41.751,43.126,44.502,45.878,47.254,48.63,50.006,51.382
490,1,45.8848,0.02999,40.38,41.757,43.133,44.509,45.885,47.261,48.637,50.013,51.389
491,1,45.8914,0.02998,40.388,41.764,43.14,44.516,45.891,47.267,48.643,50.019,51.395
492,1,45.8979,0.02998,40.394,41.77,43.146,44.522,45.898,47.274,48.65,50.026,51.402
493,1,45.9045,0.02998,40.4,41.776,43.152,44.528,45.904,47.281,48.657,50.033,51.409
494,1,45.911,0.02998,40.405,41.782,43.158,44.535,45.911,47.287,48.664,50.04,51.417
495,1,45.9175,0.02998,40.411,41.788,43.164,44.541,45.918,47.294,48.671,50.047,51.424
496,1,45.924,0.02997,40.419,41.795,43.171,44.548,45.924,47.3,48.677,50.053,51.429
497,1,45.9305,0.02997,40.424,41.801,43.177,44.554,45.93,47.307,48.684,50.06,51.437
498,1,45.937,0.02997,40.43,41.807,43.184,44.56,45.937,47.314,48.69,50.067,51.444
499,1,45.9434,0.02997,40.436,41.813,43.19,44.566,45.943,47.32,48.697,50.074,51.451
500,1,45.9499,0.02997,40.441,41.819,43.196,44.573,45.95,47.327,48.704,50.081,51.458
501,1,45.9563,0.02996,40.449,41.826,43.203,44.579,45.956,47.333,48.71,50.087,51.464
502,1,45.9627,0.02996,40.455,41.832,43.209,44.586,45.963,47.34,48.717,50.094,51.471
503,1,45.9691,0.02996,40.46,41.837,43.215,44.592,45.969,47.346,48.724,50.101,51.478
504,1,45.9755,0.02996,40.466,41.843,43.221,44.598,45.976,47.353,48.73,50.108,51.485
505,1,45.9818,0.02996,40.471,41.849,43.227,44.604,45.982,47.359,48.737,50.115,51.492
506,1,45.9882,0.02995,40.479,41.856,43.234,44.611,45.988,47.366,48.743,50.12,51.498
507,1,45.9945,0.02995,40.484,41.862,43.239,44.617,45.994,47.372,48.75,50.127,51.505
508,1,46.0008,0.02995,40.49,41.868,43.245,44.623,46.001,47.379,48.756,50.134,51.512
509,1,46.0071,0.02995,40.495,41.873,43.251,44.629,46.007,47.385,48.763,50.141,51.519
510,1,46.0134,0.02995,40.501,41.879,43.257,44.635,46.013,47.392,48.77,50.148,51.526
511,1,46.0197,0.02994,40.508,41.886,43.264,44.642,46.02,47.398,48.775,50.153,51.531
512,1,46.026,0.02994,40.514,41.892,43.27,44.648,46.026,47.404,48.782,50.16,51.538
513,1,46.0322,0.02994,40.519,41.898,43.276,44.654,46.032,47.41,48.789,50.167,51.545
514,1,46.0385,0.02994,40.525,41.903,43.282,44.66,46.038,47.417,48.795,50.174,51.552
515,1,46.0447,0.02994,40.53,41.909,43.288,44.666,46.045,47.423,48.802,50.18,51.559
516,1,46.0509,0.02993,40.538,41.916,43.294,44.673,46.051,47.429,48.808,50.186,51.564
517,1,46.0571,0.02993,40.543,41.922,43.3,44.679,46.057,47.436,48.814,50.193,51.571
518,1,46.0633,0.02993,40.549,41.927,43.306,44.685,46.063,47.442,48.821,50.199,51.578
519,1,46.0694,0.02993,40.554,41.933,43.312,44.691,46.069,47.448,48.827,50.206,51.585
520,1,46.0756,0.02993,40.559,41.938,43.318,44.697,46.076,47.455,48.834,50.213,51.592
521,1,46.0818,0.02992,40.567,41.945,43.324,44.703,46.082,47.461,48.839,50.218,51.597
522,1,46.0879,0.02992,40.572,41.951,43.33,44.709,46.088,47.467,48.846,50.225,51.604
523,1,46.094,0.02992,40.577,41.957,43.336,44.715,46.094,47.473,48.852,50.231,51.611
524,1,46.1001,0.02992,40.583,41.962,43.341,44.721,46.1,47.479,48.859,50.238,51.617
525,1,46.1062,0.02992,40.588,41.968,43.347,44.727,46.106,47.486,48.865,50.245,51.624
526,1,46.1123,0.02992,40.594,41.973,43.353,44.733,46.112,47.492,48.872,50.251,51.631
527,1,46.1184,0.02991,40.601,41.98,43.36,44.739,46.118,47.498,48.877,50.257,51.636
528,1,46.1244,0.02991,40.606,41.986,43.365,44.745,46.124,47.504,48.884,50.263,51.643
529,1,46.1305,0.02991,40.611,41.991,43.371,44.751,46.13,47.51,48.89,50.27,51.65
530,1,46.1365,0.02991,40.617,41.997,43.377,44.757,46.136,47.516,48.896,50.276,51.656
531,1,46.1425,0.02991,40.622,42.002,43.382,44.762,46.142,47.523,48.903,50.283,51.663
532,1,46.1485,0.0299,40.629,42.009,43.389,44.769,46.148,47.528,48.908,50.288,51.668
533,1,46.1545,0.0299,40.634,42.014,43.394,44.774,46.154,47.535,48.915,50.295,51.675
534,1,46.1605,0.0299,40.64,42.02,43.4,44.78,46.16,47.541,48.921,50.301,51.681
535,1,46.1665,0.0299,40.645,42.025,43.406,44.786,46.166,47.547,48.927,50.308,51.688
536,1,46.1725,0.0299,40.65,42.031,43.411,44.792,46.172,47.553,48.934,50.314,51.695
537,1,46.1784,0.02989,40.657,42.038,43.418,44.798,46.178,47.559,48.939,50.319,51.699
538,1,46.1843,0.02989,40.663,42.043,43.423,44.804,46.184,47.565,48.945,50.326,51.706
539,1,46.1903,0.02989,40.668,42.048,43.429,44.81,46.19,47.571,48.952,50.332,51.713
540,1,46.1962,0.02989,40.673,42.054,43.435,44.815,46.196,47.577,48.958,50.339,51.719
541,1,46.2021,0.02989,40.678,42.059,43.44,44.821,46.202,47.583,48.964,50.345,51.726
542,1,46.208,0.02989,40.683,42.065,43.446,44.827,46.208,47.589,48.97,50.351,51.733
543,1,46.2139,0.02988,40.69,42.071,43.452,44.833,46.214,47.595,48.976,50.357,51.737
544,1,46.2197,0.02988,40.696,42.077,43.458,44.839,46.22,47.601,48.982,50.363,51.744
545,1,46.2256,0.02988,40.701,42.082,43.463,44.844,46.226,47.607,48.988,50.369,51.75
546,1,46.2315,0.02988,40.706,42.087,43.469,44.85,46.232,47.613,48.994,50.376,51.757
547,1,46.2373,0.02988,40.711,42.093,43.474,44.856,46.237,47.619,49.0,50.382,51.764
548,1,46.2431,0.02987,40.718,42.099,43.481,44.862,46.243,47.624,49.006,50.387,51.768
549,1,46.249,0.02987,40.723,42.105,43.486,44.868,46.249,47.63,49.012,50.393,51.775
550,1,46.2548,0.02987,40.728,42.11,43.492,44.873,46.255,47.636,49.018,50.4,51.781
551,1,46.2606,0.02987,40.733,42.115,43.497,44.879,46.261,47.642,49.024,50.406,51.788
552,1,46.2663,0.02987,40.738,42.12,43.502,44.884,46.266,47.648,49.03,50.412,51.794
553,1,46.2721,0.02986,40.745,42.127,43.509,44.89,46.272,47.654,49.035,50.417,51.799
554,1,46.2779,0.02986,40.75,42.132,43.514,44.896,46.278,47.66,49.042,50.423,51.805
555,1,46.2837,0.02986,40.756,42.138,43.52,44.902,46.284,47.666,49.048,50.43,51.812
556,1,46.2894,0.02986,40.761,42.143,43.525,44.907,46.289,47.672,49.054,50.436,51.818
557,1,46.2951,0.02986,40.766,42.148,43.53,44.913,46.295,47.677,49.06,50.442,51.825
558,1,46.3009,0.02986,40.771,42.153,43.536,44.918,46.301,47.683,49.066,50.449,51.831
559,1,46.3066,0.02985,40.778,42.16,43.542,44.924,46.307,47.689,49.071,50.453,51.836
560,1,46.3123,0.02985,40.783,42.165,43.547,44.93,46.312,47.695,49.077,50.46,51.842
561,1,46.318,0.02985,40.788,42.17,43.553,44.935,46.318,47.701,49.083,50.466,51.848
562,1,46.3237,0.02985,40.793,42.175,43.558,44.941,46.324,47.706,49.089,50.472,51.855
563,1,46.3294,0.02985,40.798,42.181,43.564,44.946,46.329,47.712,49.095,50.478,51.861
564,1,46.335,0.02984,40.804,42.187,43.57,44.952,46.335,47.718,49.1,50.483,51.866
565,1,46.3407,0.02984,40.809,42.192,43.575,44.958,46.341,47.724,49.106,50.489,51.872
566,1,46.3463,0.02984,40.814,42.197,43.58,44.963,46.346,47.729,49.112,50.495,51.878
567,1,46.352,0.02984,40.819,42.203,43.586,44.969,46.352,47.735,49.118,50.501,51.885
568,1,46.3576,0.02984,40.824,42.208,43.591,44.974,46.358,47.741,49.124,50.508,51.891
569,1,46.3632,0.02984,40.829,42.213,43.596,44.98,46.363,47.747,49.13,50.514,51.897
570,1,46.3689,0.02983,40.836,42.219,43.603,44.986,46.369,47.752,49.135,50.518,51.902
571,1,46.3745,0.02983,40.841,42.224,43.608,44.991,46.374,47.758,49.141,50.525,51.908
572,1,46.3801,0.02983,40.846,42.23,43.613,44.997,46.38,47.764,49.147,50.531,51.914
573,1,46.3857,0.02983,40.851,42.235,43.618,45.002,46.386,47.769,49.153,50.537,51.92
574,1,46.3912,0.02983,40.856,42.24,43.624,45.007,46.391,47.775,49.159,50.543,51.927
575,1,46.3968,0.02983,40.861,42.245,43.629,45.013,46.397,47.781,49.165,50.549,51.933
576,1,46.4024,0.02982,40.868,42.251,43.635,45.019,46.402,47.786,49.17,50.554,51.937
577,1,46.4079,0.02982,40.872,42.256,43.64,45.024,46.408,47.792,49.176,50.56,51.943
578,1,46.4135,0.02982,40.877,42.261,43.645,45.029,46.414,47.798,49.182,50.566,51.95
579,1,46.419,0.02982,40.882,42.266,43.651,45.035,46.419,47.803,49.187,50.572,51.956
580,1,46.4245,0.02982,40.887,42.271,43.656,45.04,46.424,47.809,49.193,50.578,51.962
581,1,46.4301,0.02981,40.894,42.278,43.662,45.046,46.43,47.814,49.198,50.582,51.966
582,1,46.4356,0.02981,40.899,42.283,43.667,45.051,46.436,47.82,49.204,50.588,51.973
583,1,46.4411,0.02981,40.903,42.288,43.672,45.057,46.441,47.826,49.21,50.594,51.979
584,1,46.4466,0.02981,40.908,42.293,43.677,45.062,46.447,47.831,49.216,50.6,51.985
585,1,46.4521,0.02981,40.913,42.298,43.683,45.067,46.452,47.837,49.222,50.606,51.991
586,1,46.4575,0.02981,40.918,42.303,43.688,45.073,46.458,47.842,49.227,50.612,51.997
587,1,46.463,0.0298,40.925,42.309,43.694,45.078,46.463,47.848,49.232,50.617,52.001
588,1,46.4685,0.0298,40.929,42.314,43.699,45.084,46.468,47.853,49.238,50.623,52.008
589,1,46.4739,0.0298,40.934,42.319,43.704,45.089,46.474,47.859,49.244,50.629,52.014
590,1,46.4794,0.0298,40.939,42.324,43.709,45.094,46.479,47.864,49.25,50.635,52.02
591,1,46.4848,0.0298,40.944,42.329,43.714,45.1,46.485,47.87,49.255,50.641,52.026
592,1,46.4902,0.0298,40.949,42.334,43.719,45.105,46.49,47.876,49.261,50.646,52.032
593,1,46.4957,0.02979,40.955,42.34,43.725,45.111,46.496,47.881,49.266,50.651,52.036
594,1,46.5011,0.02979,40.96,42.345,43.731,45.116,46.501,47.886,49.272,50.657,52.042
595,1,46.5065,0.02979,40.965,42.35,43.736,45.121,46.506,47.892,49.277,50.663,52.048
596,1,46.5119,0.02979,40.97,42.355,43.741,45.126,46.512,47.897,49.283,50.669,52.054
597,1,46.5173,0.02979,40.974,42.36,43.746,45.132,46.517,47.903,49.289,50.675,52.06
598,1,46.5227,0.02978,40.981,42.366,43.752,45.137,46.523,47.908,49.294,50.679,52.064
599,1,46.528,0.02978,40.986,42.371,43.757,45.142,46.528,47.914,49.299,50.685,52.07
600,1,46.5334,0.02978,40.99,42.376,43.762,45.148,46.533,47.919,49.305,50.691,52.076
601,1,46.5388,0.02978,40.995,42.381,43.767,45.153,46.539,47.925,49.311,50.697,52.083
602,1,46.5441,0.02978,41.0,42.386,43.772,45.158,46.544,47.93,49.316,50.702,52.088
603,1,46.5495,0.02978,41.005,42.391,43.777,45.163,46.55,47.936,49.322,50.708,52.094
604,1,46.5548,0.02977,41.011,42.397,43.783,45.169,46.555,47.941,49.327,50.713,52.099
605,1,46.5601,0.02977,41.016,42.402,43.788,45.174,46.56,47.946,49.332,50.718,52.104
606,1,46.5655,0.02977,41.02,42.407,43.793,45.179,46.566,47.952,49.338,50.724,52.111
607,1,46.5708,0.02977,41.025,42.412,43.798,45.184,46.571,47.957,49.344,50.73,52.116
608,1,46.5761,0.02977,41.03,42.416,43.803,45.19,46.576,47.963,49.349,50.736,52.122
609,1,46.5814,0.02977,41.034,42.421,43.808,45.195,46.581,47.968,49.355,50.742,52.128
610,1,46.5867,0.02976,41.041,42.427,43.814,45.2,46.587,47.973,49.36,50.746,52.132
611,1,46.592,0.02976,41.046,42.432,43.819,45.205,46.592,47.979,49.365,50.752,52.138
612,1,46.5973,0.02976,41.05,42.437,43.824,45.211,46.597,47.984,49.371,50.758,52.144
613,1,46.6026,0.02976,41.055,42.442,43.829,45.216,46.603,47.989,49.376,50.763,52.15
614,1,46.6078,0.02976,41.06,42.447,43.834,45.221,46.608,47.995,49.382,50.769,52.156
615,1,46.6131,0.02976,41.064,42.451,43.839,45.226,46.613,48.0,49.388,50.775,52.162
616,1,46.6183,0.02975,41.071,42.458,43.845,45.231,46.618,48.005,49.392,50.779,52.166
617,1,46.6236,0.02975,41.075,42.462,43.849,45.237,46.624,48.011,49.398,50.785,52.172
618,1,46.6288,0.02975,41.08,42.467,43.854,45.242,46.629,48.016,49.403,50.79,52.178
619,1,46.6341,0.02975,41.085,42.472,43.859,45.247,46.634,48.021,49.409,50.796,52.184
620,1,46.6393,0.02975,41.089,42.477,43.864,45.252,46.639,48.027,49.414,50.802,52.189
621,1,46.6445,0.02975,41.094,42.481,43.869,45.257,46.644,48.032,49.42,50.808,52.195
622,1,46.6497,0.02974,41.1,42.488,43.875,45.262,46.65,48.037,49.424,50.812,52.199
623,1,46.655,0.02974,41.105,42.492,43.88,45.267,46.655,48.043,49.43,50.818,52.205
624,1,46.6602,0.02974,41.11,42.497,43.885,45.273,46.66,48.048,49.436,50.823,52.211
625,1,46.6654,0.02974,41.114,42.502,43.89,45.278,46.665,48.053,49.441,50.829,52.217
626,1,46.6706,0.02974,41.119,42.507,43.895,45.283,46.671,48.059,49.447,50.835,52.223
627,1,46.6757,0.02974,41.123,42.511,43.899,45.288,46.676,48.064,49.452,50.84,52.228
628,1,46.6809,0.02973,41.13,42.517,43.905,45.293,46.681,48.069,49.457,50.844,52.232
629,1,46.6861,0.02973,41.134,42.522,43.91,45.298,46.686,48.074,49.462,50.85,52.238
630,1,46.6913,0.02973,41.139,42.527,43.915,45.303,46.691,48.079,49.468,50.856,52.244
631,1,46.6964,0.02973,41.143,42.532,43.92,45.308,46.696,48.085,49.473,50.861,52.25
632,1,46.7016,0.02973,41.148,42.536,43.925,45.313,46.702,48.09,49.478,50.867,52.255
633,1,46.7067,0.02973,41.152,42.541,43.93,45.318,46.707,48.095,49.484,50.872,52.261
634,1,46.7119,0.02972,41.159,42.547,43.935,45.324,46.712,48.1,49.488,50.877,52.265
635,1,46.717,0.02972,41.163,42.552,43.94,45.329,46.717,48.105,49.494,50.882,52.271
636,1,46.7221,0.02972,41.168,42.556,43.945,45.334,46.722,48.111,49.499,50.888,52.276
637,1,46.7273,0.02972,41.172,42.561,43.95,45.339,46.727,48.116,49.505,50.894,52.282
638,1,46.7324,0.02972,41.177,42.566,43.955,45.344,46.732,48.121,49.51,50.899,52.288
639,1,46.7375,0.02972,41.181,42.57,43.959,45.348,46.738,48.127,49.516,50.905,52.294
640,1,46.7426,0.02971,41.188,42.576,43.965,45.354,46.743,48.131,49.52,50.909,52.297
641,1,46.7477,0.02971,41.192,42.581,43.97,45.359,46.748,48.137,49.525,50.914,52.303
642,1,46.7528,0.02971,41.197,42.586,43.975,45.364,46.753,48.142,49.531,50.92,52.309
643,1,46.7579,0.02971,41.201,42.59,43.98,45.369,46.758,48.147,49.536,50.925,52.315
644,1,46.763,0.02971,41.206,42.595,43.984,45.374,46.763,48.152,49.542,50.931,52.32
645,1,46.768,0.02971,41.21,42.6,43.989,45.379,46.768,48.157,49.547,50.936,52.326
646,1,46.7731,0.0297,41.216,42.606,43.995,45.384,46.773,48.162,49.551,50.941,52.33
647,1,46.7782,0.0297,41.221,42.61,44.0,45.389,46.778,48.168,49.557,50.946,52.335
648,1,46.7832,0.0297,41.225,42.615,44.004,45.394,46.783,48.173,49.562,50.952,52.341
649,1,46.7883,0.0297,41.23,42.619,44.009,45.399,46.788,48.178,49.568,50.957,52.347
650,1,46.7933,0.0297,41.234,42.624,44.014,45.404,46.793,48.183,49.573,50.963,52.352
651,1,46.7984,0.0297,41.239,42.629,44.019,45.408,46.798,48.188,49.578,50.968,52.358
652,1,46.8034,0.0297,41.243,42.633,44.023,45.413,46.803,48.193,49.584,50.974,52.364
653,1,46.8084,0.02969,41.249,42.639,44.029,45.419,46.808,48.198,49.588,50.978,52.367
654,1,46.8135,0.02969,41.254,42.644,44.034,45.424,46.814,48.203,49.593,50.983,52.373
655,1,46.8185,0.02969,41.258,42.648,44.038,45.428,46.818,48.209,49.599,50.989,52.379
656,1,46.8235,0.02969,41.263,42.653,44.043,45.433,46.824,48.214,49.604,50.994,52.384
657,1,46.8285,0.02969,41.267,42.657,44.048,45.438,46.828,48.219,49.609,51.0,52.39
658,1,46.8335,0.02969,41.272,42.662,44.053,45.443,46.834,48.224,49.614,51.005,52.395
659,1,46.8385,0.02968,41.278,42.668,44.058,45.448,46.838,48.229,49.619,51.009,52.399
660,1,46.8435,0.02968,41.282,42.673,44.063,45.453,46.844,48.234,49.624,51.014,52.405
661,1,46.8485,0.02968,41.287,42.677,44.068,45.458,46.848,48.239,49.629,51.02,52.41
662,1,46.8535,0.02968,41.291,42.682,44.072,45.463,46.854,48.244,49.635,51.025,52.416
663,1,46.8584,0.02968,41.295,42.686,44.077,45.468,46.858,48.249,49.64,51.031,52.421
664,1,46.8634,0.02968,41.3,42.691,44.082,45.472,46.863,48.254,49.645,51.036,52.427
665,1,46.8684,0.02967,41.306,42.697,44.087,45.478,46.868,48.259,49.65,51.04,52.431
666,1,46.8733,0.02967,41.31,42.701,44.092,45.483,46.873,48.264,49.655,51.045,52.436
667,1,46.8783,0.02967,41.315,42.706,44.097,45.487,46.878,48.269,49.66,51.051,52.442
668,1,46.8832,0.02967,41.319,42.71,44.101,45.492,46.883,48.274,49.665,51.056,52.447
669,1,46.8882,0.02967,41.324,42.715,44.106,45.497,46.888,48.279,49.671,51.062,52.453
670,1,46.8931,0.02967,41.328,42.719,44.11,45.502,46.893,48.284,49.676,51.067,52.458
671,1,46.8981,0.02966,41.334,42.725,44.116,45.507,46.898,48.289,49.68,51.071,52.462
672,1,46.903,0.02966,41.338,42.73,44.121,45.512,46.903,48.294,49.685,51.076,52.468
673,1,46.9079,0.02966,41.343,42.734,44.125,45.517,46.908,48.299,49.69,51.082,52.473
674,1,46.9128,0.02966,41.347,42.738,44.13,45.521,46.913,48.304,49.696,51.087,52.479
675,1,46.9177,0.02966,41.351,42.743,44.135,45.526,46.918,48.309,49.701,51.092,52.484
676,1,46.9227,0.02966,41.356,42.748,44.139,45.531,46.923,48.314,49.706,51.098,52.49
677,1,46.9276,0.02966,41.36,42.752,44.144,45.536,46.928,48.319,49.711,51.103,52.495
678,1,46.9325,0.02965,41.366,42.758,44.149,45.541,46.932,48.324,49.716,51.107,52.499
679,1,46.9373,0.02965,41.371,42.762,44.154,45.546,46.937,48.329,49.721,51.112,52.504
680,1,46.9422,0.02965,41.375,42.767,44.159,45.55,46.942,48.334,49.726,51.118,52.51
681,1,46.9471,0.02965,41.379,42.771,44.163,45.555,46.947,48.339,49.731,51.123,52.515
682,1,46.952,0.02965,41.383,42.776,44.168,45.56,46.952,48.344,49.736,51.128,52.521
683,1,46.9569,0.02965,41.388,42.78,44.172,45.565,46.957,48.349,49.741,51.134,52.526
684,1,46.9617,0.02964,41.394,42.786,44.178,45.57,46.962,48.354,49.746,51.138,52.529
685,1,46.9666,0.02964,41.398,42.79,44.182,45.575,46.967,48.359,49.751,51.143,52.535
686,1,46.9714,0.02964,41.402,42.795,44.187,45.579,46.971,48.364,49.756,51.148,52.54
687,1,46.9763,0.02964,41.407,42.799,44.192,45.584,46.976,48.369,49.761,51.153,52.546
688,1,46.9811,0.02964,41.411,42.804,44.196,45.589,46.981,48.374,49.766,51.159,52.551
689,1,46.986,0.02964,41.415,42.808,44.201,45.593,46.986,48.379,49.771,51.164,52.557
690,1,46.9908,0.02964,41.42,42.812,44.205,45.598,46.991,48.384,49.776,51.169,52.562
691,1,46.9956,0.02963,41.426,42.818,44.211,45.603,46.996,48.388,49.781,51.173,52.566
692,1,47.0004,0.02963,41.43,42.823,44.215,45.608,47.0,48.393,49.786,51.178,52.571
693,1,47.0053,0.02963,41.434,42.827,44.22,45.613,47.005,48.398,49.791,51.184,52.576
694,1,47.0101,0.02963,41.438,42.831,44.224,45.617,47.01,48.403,49.796,51.189,52.582
695,1,47.0149,0.02963,41.443,42.836,44.229,45.622,47.015,48.408,49.801,51.194,52.587
696,1,47.0197,0.02963,41.447,42.84,44.233,45.627,47.02,48.413,49.806,51.199,52.592
697,1,47.0245,0.02962,41.453,42.846,44.239,45.632,47.024,48.417,49.81,51.203,52.596
698,1,47.0293,0.02962,41.457,42.85,44.243,45.636,47.029,48.422,49.815,51.208,52.601
699,1,47.0341,0.02962,41.461,42.855,44.248,45.641,47.034,48.427,49.82,51.214,52.607
700,1,47.0388,0.02962,41.466,42.859,44.252,45.646,47.039,48.432,49.825,51.219,52.612
701,1,47.0436,0.02962,41.47,42.863,44.257,45.65,47.044,48.437,49.83,51.224,52.617
702,1,47.0484,0.02962,41.474,42.868,44.261,45.655,47.048,48.442,49.836,51.229,52.623
703,1,47.0532,0.02962,41.478,42.872,44.266,45.659,47.053,48.447,49.841,51.234,52.628
704,1,47.0579,0.02961,41.484,42.878,44.271,45.665,47.058,48.451,49.845,51.238,52.631
705,1,47.0627,0.02961,41.489,42.882,44.276,45.669,47.063,48.456,49.85,51.243,52.637
706,1,47.0674,0.02961,41.493,42.886,44.28,45.674,47.067,48.461,49.855,51.248,52.642
707,1,47.0722,0.02961,41.497,42.891,44.285,45.678,47.072,48.466,49.86,51.254,52.647
708,1,47.0769,0.02961,41.501,42.895,44.289,45.683,47.077,48.471,49.865,51.259,52.653
709,1,47.0816,0.02961,41.505,42.899,44.293,45.688,47.082,48.476,49.87,51.264,52.658
710,1,47.0864,0.02961,41.509,42.904,44.298,45.692,47.086,48.481,49.875,51.269,52.663
711,1,47.0911,0.0296,41.516,42.909,44.303,45.697,47.091,48.485,49.879,51.273,52.667
712,1,47.0958,0.0296,41.52,42.914,44.308,45.702,47.096,48.49,49.884,51.278,52.672
713,1,47.1005,0.0296,41.524,42.918,44.312,45.706,47.1,48.495,49.889,51.283,52.677
714,1,47.1052,0.0296,41.528,42.922,44.317,45.711,47.105,48.5,49.894,51.288,52.682
715,1,47.1099,0.0296,41.532,42.927,44.321,45.715,47.11,48.504,49.899,51.293,52.688
716,1,47.1146,0.0296,41.536,42.931,44.325,45.72,47.115,48.509,49.904,51.298,52.693
717,1,47.1193,0.02959,41.542,42.937,44.331,45.725,47.119,48.514,49.908,51.302,52.696
718,1,47.124,0.02959,41.546,42.941,44.335,45.73,47.124,48.518,49.913,51.307,52.702
719,1,47.1287,0.02959,41.551,42.945,44.34,45.734,47.129,48.523,49.918,51.312,52.707
720,1,47.1334,0.02959,41.555,42.949,44.344,45.739,47.133,48.528,49.923,51.317,52.712
721,1,47.138,0.02959,41.559,42.954,44.348,45.743,47.138,48.533,49.928,51.322,52.717
722,1,47.1427,0.02959,41.563,42.958,44.353,45.748,47.143,48.538,49.933,51.328,52.723
723,1,47.1474,0.02959,41.567,42.962,44.357,45.752,47.147,48.542,49.938,51.333,52.728
724,1,47.152,0.02958,41.573,42.968,44.362,45.757,47.152,48.547,49.942,51.336,52.731
725,1,47.1567,0.02958,41.577,42.972,44.367,45.762,47.157,48.552,49.946,51.341,52.736
726,1,47.1613,0.02958,41.581,42.976,44.371,45.766,47.161,48.556,49.951,51.346,52.741
727,1,47.166,0.02958,41.585,42.98,44.376,45.771,47.166,48.561,49.956,51.352,52.747
728,1,47.1706,0.02958,41.589,42.985,44.38,45.775,47.171,48.566,49.961,51.357,52.752
729,1,47.1752,0.02958,41.593,42.989,44.384,45.78,47.175,48.571,49.966,51.362,52.757
730,1,47.1799,0.02958,41.598,42.993,44.389,45.784,47.18,48.575,49.971,51.367,52.762
