Day,L,M,S,P01,P1,P3,P5,P10,P15,P25,P50,P75,P85,P90,P95,P97,P99,P999
0,1,49.1477,0.0379,43.392,44.814,45.644,46.084,46.761,47.217,47.891,49.148,50.404,51.078,51.535,52.212,52.651,53.481,54.904
1,1,49.3166,0.03783,43.551,44.976,45.808,46.248,46.926,47.383,48.058,49.317,50.575,51.25,51.708,52.385,52.825,53.657,55.082
2,1,49.4854,0.03776,43.711,45.138,45.971,46.412,47.091,47.549,48.225,49.485,50.746,51.422,51.88,52.559,53.0,53.832,55.26
3,1,49.6543,0.0377,43.869,45.299,46.134,46.575,47.255,47.714,48.392,49.654,50.917,51.594,52.053,52.733,53.175,54.009,55.439
4,1,49.8232,0.03763,44.029,45.462,46.297,46.739,47.42,47.88,48.559,49.823,51.088,51.766,52.226,52.907,53.349,54.185,55.617
5,1,49.9921,0.03756,44.19,45.624,46.461,46.904,47.586,48.046,48.726,49.992,51.259,51.938,52.398,53.081,53.524,54.36,55.795
6,1,50.1609,0.03749,44.35,45.786,46.624,47.068,47.751,48.212,48.893,50.161,51.429,52.11,52.571,53.254,53.698,54.536,55.972
7,1,50.3298,0.03742,44.51,45.948,46.788,47.232,47.916,48.378,49.06,50.33,51.6,52.282,52.743,53.428,53.872,54.711,56.15
8,1,50.4987,0.03735,44.67,46.111,46.951,47.396,48.082,48.544,49.227,50.499,51.771,52.454,52.916,53.601,54.046,54.886,56.327
9,1,50.6676,0.03728,44.83,46.273,47.115,47.561,48.247,48.71,49.394,50.668,51.942,52.625,53.088,53.775,54.22,55.062,56.505
10,1,50.8365,0.03722,44.989,46.435,47.278,47.724,48.412,48.875,49.56,50.837,52.113,52.798,53.261,53.949,54.395,55.238,56.684
11,1,51.0053,0.03715,45.15,46.597,47.441,47.889,48.577,49.041,49.727,51.005,52.283,52.969,53.434,54.122,54.569,55.413,56.861
12,1,51.1742,0.03708,45.31,46.76,47.605,48.053,48.742,49.208,49.894,51.174,52.454,53.141,53.606,54.295,54.743,55.589,57.038
13,1,51.3431,0.03701,45.471,46.923,47.769,48.218,48.908,49.374,50.061,51.343,52.625,53.313,53.778,54.469,54.917,55.764,57.215
14,1,51.512,0.03694,45.632,47.085,47.933,48.382,49.073,49.54,50.229,51.512,52.795,53.484,53.951,54.642,55.091,55.939,57.392
15,1,51.651,0.0369,45.761,47.217,48.066,48.516,49.208,49.676,50.365,51.651,52.937,53.626,54.094,54.786,55.236,56.085,57.541
16,1,51.7895,0.03687,45.889,47.347,48.198,48.649,49.342,49.81,50.502,51.79,53.077,53.769,54.237,54.93,55.381,56.232,57.69
17,1,51.9272,0.03683,46.017,47.478,48.33,48.781,49.476,49.945,50.637,51.927,53.217,53.909,54.378,55.073,55.524,56.376,57.837
18,1,52.0641,0.0368,46.143,47.607,48.461,48.913,49.609,50.078,50.772,52.064,53.356,54.05,54.52,55.216,55.668,56.521,57.985
19,1,52.2002,0.03676,46.27,47.736,48.591,49.044,49.741,50.211,50.906,52.2,53.494,54.189,54.659,55.356,55.809,56.664,58.13
20,1,52.3353,0.03673,46.395,47.863,48.72,49.173,49.872,50.343,51.039,52.335,53.632,54.328,54.799,55.497,55.951,56.807,58.276
21,1,52.4695,0.03669,46.52,47.991,48.849,49.303,50.002,50.474,51.171,52.47,53.768,54.465,54.937,55.636,56.09,56.948,58.419
22,1,52.6027,0.03666,46.643,48.117,48.976,49.431,50.131,50.604,51.302,52.603,53.903,54.601,55.074,55.775,56.23,57.089,58.562
23,1,52.7349,0.03663,46.766,48.241,49.102,49.558,50.259,50.733,51.432,52.735,54.038,54.737,55.21,55.912,56.368,57.229,58.704
24,1,52.8661,0.0366,46.887,48.365,49.227,49.683,50.386,50.861,51.561,52.866,54.171,54.871,55.346,56.049,56.505,57.367,58.845
25,1,52.9963,0.03656,47.009,48.489,49.352,49.809,50.513,50.988,51.689,52.996,54.303,55.004,55.479,56.183,56.64,57.504,58.984
26,1,53.1255,0.03653,47.128,48.611,49.475,49.933,50.638,51.114,51.817,53.126,54.434,55.137,55.613,56.318,56.776,57.64,59.123
27,1,53.2537,0.0365,47.247,48.732,49.598,50.056,50.763,51.239,51.943,53.254,54.565,55.268,55.745,56.451,56.91,57.776,59.26
28,1,53.3809,0.03647,47.365,48.852,49.719,50.179,50.886,51.363,52.068,53.381,54.694,55.399,55.876,56.583,57.042,57.91,59.397
29,1,53.5072,0.03644,47.482,48.971,49.84,50.3,51.008,51.486,52.192,53.507,54.822,55.528,56.006,56.714,57.174,58.043,59.533
30,1,53.6326,0.03641,47.598,49.09,49.96,50.421,51.13,51.609,52.315,53.633,54.95,55.657,56.135,56.845,57.305,58.175,59.667
31,1,53.7571,0.03638,47.714,49.208,50.079,50.54,51.251,51.73,52.438,53.757,55.076,55.784,56.263,56.974,57.435,58.307,59.801
32,1,53.8806,0.03636,47.827,49.323,50.196,50.658,51.37,51.85,52.559,53.881,55.202,55.911,56.391,57.103,57.565,58.438,59.935
33,1,54.0031,0.03633,47.94,49.439,50.313,50.776,51.489,51.97,52.68,54.003,55.326,56.037,56.517,57.23,57.693,58.567,60.066
34,1,54.1247,0.0363,48.053,49.554,50.429,50.893,51.607,52.088,52.8,54.125,55.45,56.161,56.643,57.356,57.82,58.695,60.196
35,1,54.2454,0.03627,48.165,49.668,50.545,51.009,51.724,52.206,52.918,54.245,55.572,56.285,56.767,57.482,57.946,58.822,60.325
36,1,54.3651,0.03625,48.275,49.78,50.659,51.124,51.84,52.323,53.036,54.365,55.694,56.408,56.891,57.607,58.072,58.95,60.455
37,1,54.4839,0.03622,48.386,49.893,50.772,51.238,51.955,52.439,53.153,54.484,55.815,56.529,57.013,57.73,58.195,59.075,60.582
38,1,54.6018,0.03619,48.495,50.005,50.885,51.352,52.069,52.554,53.269,54.602,55.935,56.65,57.134,57.852,58.318,59.199,60.708
39,1,54.7187,0.03617,48.603,50.114,50.996,51.463,52.182,52.667,53.384,54.719,56.054,56.77,57.255,57.974,58.441,59.323,60.835
40,1,54.8348,0.03614,48.711,50.225,51.108,51.575,52.295,52.781,53.498,54.835,56.171,56.889,57.374,58.094,58.562,59.445,60.959
41,1,54.9499,0.03612,48.816,50.333,51.217,51.685,52.406,52.893,53.611,54.95,56.289,57.007,57.494,58.215,58.683,59.567,61.083
42,1,55.0642,0.03609,48.923,50.441,51.327,51.795,52.517,53.005,53.724,55.064,56.405,57.124,57.611,58.333,58.802,59.687,61.205
43,1,55.1777,0.03607,49.027,50.548,51.434,51.904,52.627,53.115,53.835,55.178,56.52,57.24,57.728,58.451,58.921,59.808,61.328
44,1,55.2903,0.03604,49.133,50.655,51.543,52.013,52.737,53.225,53.946,55.29,56.634,57.356,57.844,58.568,59.038,59.926,61.448
45,1,55.4021,0.03602,49.235,50.76,51.649,52.12,52.845,53.334,54.056,55.402,56.748,57.47,57.96,58.685,59.155,60.045,61.569
46,1,55.513,0.036,49.337,50.864,51.754,52.226,52.952,53.442,54.165,55.513,56.861,57.584,58.074,58.8,59.272,60.162,61.689
47,1,55.623,0.03597,49.44,50.969,51.86,52.332,53.059,53.549,54.274,55.623,56.972,57.697,58.187,58.914,59.386,60.277,61.806
48,1,55.7322,0.03595,49.541,51.071,51.964,52.437,53.165,53.656,54.381,55.732,57.084,57.809,58.3,59.028,59.501,60.393,61.924
49,1,55.8406,0.03593,49.641,51.173,52.067,52.54,53.269,53.761,54.487,55.841,57.194,57.92,58.412,59.141,59.614,60.508,62.041
50,1,55.9482,0.03591,49.74,51.274,52.169,52.644,53.373,53.866,54.593,55.948,57.303,58.03,58.523,59.253,59.727,60.622,62.157
51,1,56.0549,0.03588,49.84,51.376,52.272,52.747,53.477,53.97,54.698,56.055,57.411,58.139,58.632,59.363,59.838,60.734,62.27
52,1,56.1609,0.03586,49.937,51.476,52.373,52.848,53.58,54.074,54.803,56.161,57.519,58.248,58.742,59.474,59.949,60.846,62.384
53,1,56.266,0.03584,50.034,51.575,52.473,52.949,53.682,54.176,54.906,56.266,57.626,58.356,58.85,59.583,60.059,60.957,62.498
54,1,56.3704,0.03582,50.131,51.673,52.573,53.049,53.783,54.278,55.008,56.37,57.732,58.463,58.958,59.692,60.168,61.068,62.61
55,1,56.4739,0.0358,50.226,51.771,52.671,53.148,53.883,54.378,55.11,56.474,57.838,58.569,59.065,59.799,60.276,61.177,62.722
56,1,56.5767,0.03578,50.321,51.867,52.769,53.247,53.982,54.479,55.211,56.577,57.942,58.675,59.171,59.906,60.384,61.286,62.832
57,1,56.6788,0.03576,50.415,51.964,52.867,53.345,54.081,54.578,55.312,56.679,58.046,58.779,59.276,60.013,60.491,61.394,62.942
58,1,56.78,0.03574,50.509,52.059,52.963,53.442,54.179,54.677,55.411,56.78,58.149,58.883,59.381,60.118,60.597,61.501,63.051
59,1,56.8806,0.03572,50.602,52.154,53.059,53.539,54.277,54.775,55.51,56.881,58.251,58.986,59.484,60.223,60.702,61.607,63.159
60,1,56.9805,0.0357,50.694,52.248,53.155,53.635,54.374,54.872,55.608,56.981,58.353,59.089,59.587,60.326,60.806,61.713,63.267
61,1,57.0796,0.03568,50.786,52.342,53.249,53.73,54.47,54.969,55.706,57.08,58.453,59.19,59.69,60.43,60.91,61.817,63.373
62,1,57.1782,0.03566,50.877,52.435,53.343,53.824,54.565,55.065,55.803,57.178,58.553,59.291,59.791,60.532,61.013,61.922,63.479
63,1,57.2761,0.03564,50.968,52.527,53.437,53.918,54.66,55.16,55.899,57.276,58.653,59.392,59.892,60.634,61.115,62.025,63.584
64,1,57.3733,0.03562,51.058,52.619,53.53,54.012,54.754,55.255,55.995,57.373,58.752,59.491,59.992,60.735,61.217,62.128,63.689
65,1,57.4699,0.03561,51.146,52.709,53.621,54.104,54.847,55.349,56.09,57.47,58.85,59.591,60.093,60.836,61.319,62.231,63.794
66,1,57.5659,0.03559,51.235,52.8,53.713,54.196,54.94,55.442,56.184,57.566,58.948,59.689,60.192,60.936,61.419,62.332,63.897
67,1,57.6613,0.03557,51.323,52.89,53.804,54.288,55.033,55.536,56.278,57.661,59.045,59.787,60.29,61.035,61.519,62.433,63.999
68,1,57.756,0.03555,51.411,52.979,53.894,54.379,55.125,55.628,56.371,57.756,59.141,59.884,60.387,61.133,61.618,62.533,64.101
69,1,57.8501,0.03553,51.498,53.068,53.984,54.469,55.216,55.72,56.464,57.85,59.236,59.98,60.484,61.231,61.716,62.632,64.202
70,1,57.9436,0.03552,51.583,53.156,54.073,54.558,55.306,55.81,56.555,57.944,59.332,60.077,60.581,61.329,61.815,62.732,64.304
71,1,58.0365,0.0355,51.67,53.244,54.162,54.648,55.396,55.901,56.647,58.037,59.426,60.172,60.677,61.425,61.911,62.829,64.403
72,1,58.1288,0.03548,51.755,53.331,54.25,54.736,55.486,55.991,56.738,58.129,59.52,60.266,60.772,61.521,62.008,62.927,64.502
73,1,58.2206,0.03547,51.839,53.416,54.337,54.824,55.574,56.08,56.828,58.221,59.613,60.361,60.867,61.617,62.105,63.025,64.602
74,1,58.3117,0.03545,51.924,53.503,54.424,54.912,55.663,56.169,56.917,58.312,59.706,60.454,60.961,61.712,62.2,63.121,64.7
75,1,58.4022,0.03543,52.008,53.589,54.51,54.999,55.75,56.258,57.007,58.402,59.798,60.547,61.054,61.806,62.294,63.216,64.796
76,1,58.4922,0.03542,52.09,53.672,54.596,55.084,55.837,56.345,57.095,58.492,59.89,60.639,61.147,61.9,62.389,63.312,64.895
77,1,58.5816,0.0354,52.173,53.757,54.681,55.171,55.924,56.432,57.183,58.582,59.98,60.731,61.239,61.993,62.482,63.406,64.99
78,1,58.6705,0.03539,52.254,53.84,54.765,55.255,56.01,56.519,57.27,58.671,60.071,60.822,61.331,62.086,62.576,63.501,65.087
79,1,58.7588,0.03537,52.336,53.924,54.85,55.34,56.095,56.605,57.357,58.759,60.161,60.913,61.422,62.177,62.668,63.594,65.181
80,1,58.8465,0.03536,52.416,54.006,54.933,55.424,56.18,56.69,57.443,58.847,60.25,61.003,61.513,62.269,62.76,63.687,65.277
81,1,58.9337,0.03534,52.498,54.089,55.017,55.508,56.265,56.775,57.529,58.934,60.338,61.092,61.603,62.359,62.851,63.779,65.37
82,1,59.0204,0.03533,52.577,54.17,55.099,55.591,56.348,56.859,57.614,59.02,60.427,61.182,61.693,62.45,62.942,63.871,65.464
83,1,59.1066,0.03531,52.657,54.251,55.181,55.674,56.432,56.944,57.699,59.107,60.514,61.27,61.781,62.539,63.032,63.962,65.556
84,1,59.1922,0.0353,52.735,54.331,55.262,55.755,56.514,57.027,57.783,59.192,60.602,61.358,61.87,62.629,63.122,64.053,65.649
85,1,59.2773,0.03528,52.815,54.412,55.344,55.837,56.597,57.11,57.867,59.277,60.688,61.445,61.957,62.717,63.211,64.142,65.74
86,1,59.3619,0.03527,52.892,54.491,55.424,55.918,56.679,57.192,57.95,59.362,60.774,61.532,62.045,62.806,63.3,64.233,65.832
87,1,59.4459,0.03526,52.969,54.57,55.504,55.998,56.76,57.273,58.032,59.446,60.86,61.618,62.132,62.894,63.388,64.322,65.923
88,1,59.5295,0.03524,53.047,54.649,55.584,56.079,56.841,57.355,58.115,59.53,60.944,61.704,62.218,62.98,63.475,64.41,66.012
89,1,59.6126,0.03523,53.123,54.727,55.663,56.158,56.921,57.436,58.196,59.613,61.029,61.789,62.304,63.067,63.563,64.498,66.103
90,1,59.6952,0.03521,53.2,54.806,55.742,56.238,57.002,57.517,58.278,59.695,61.113,61.874,62.389,63.152,63.648,64.585,66.19
91,1,59.7773,0.0352,53.275,54.882,55.82,56.316,57.081,57.596,58.358,59.777,61.197,61.958,62.474,63.238,63.735,64.672,66.28
92,1,59.8589,0.03519,53.35,54.959,55.897,56.394,57.159,57.676,58.438,59.859,61.28,62.042,62.558,63.324,63.821,64.759,66.368
93,1,59.9401,0.03517,53.426,55.036,55.975,56.473,57.238,57.755,58.518,59.94,61.362,62.125,62.642,63.408,63.905,64.844,66.455
94,1,60.0209,0.03516,53.499,55.112,56.052,56.55,57.316,57.834,58.598,60.021,61.444,62.208,62.725,63.492,63.99,64.93,66.542
95,1,60.1011,0.03515,53.573,55.187,56.128,56.626,57.394,57.912,58.676,60.101,61.526,62.291,62.808,63.576,64.074,65.016,66.629
96,1,60.181,0.03514,53.646,55.261,56.204,56.703,57.471,57.989,58.755,60.181,61.607,62.373,62.891,63.659,64.158,65.101,66.716
97,1,60.2603,0.03512,53.72,55.337,56.28,56.779,57.548,58.067,58.833,60.26,61.688,62.454,62.973,63.741,64.241,65.184,66.8
98,1,60.3393,0.03511,53.793,55.411,56.355,56.855,57.624,58.144,58.91,60.339,61.768,62.535,63.054,63.824,64.324,65.268,66.886
99,1,60.4178,0.0351,53.864,55.484,56.429,56.93,57.7,58.22,58.987,60.418,61.848,62.616,63.136,63.906,64.406,65.351,66.971
100,1,60.4958,0.03509,53.936,55.557,56.503,57.004,57.775,58.296,59.064,60.496,61.928,62.696,63.216,63.987,64.488,65.434,67.056
101,1,60.5734,0.03508,54.007,55.63,56.577,57.078,57.85,58.371,59.14,60.573,62.007,62.776,63.297,64.069,64.57,65.517,67.14
102,1,60.6506,0.03506,54.079,55.704,56.651,57.153,57.925,58.447,59.216,60.651,62.085,62.854,63.376,64.148,64.65,65.597,67.222
103,1,60.7273,0.03505,54.15,55.776,56.724,57.226,58.0,58.521,59.292,60.727,62.163,62.933,63.455,64.228,64.731,65.679,67.305
104,1,60.8036,0.03504,54.22,55.847,56.796,57.299,58.073,58.595,59.367,60.804,62.241,63.012,63.534,64.308,64.811,65.76,67.388
105,1,60.8795,0.03503,54.289,55.918,56.869,57.372,58.146,58.669,59.441,60.88,62.318,63.09,63.613,64.387,64.89,65.841,67.47
106,1,60.955,0.03502,54.358,55.989,56.94,57.444,58.219,58.743,59.515,60.955,62.395,63.167,63.691,64.466,64.97,65.921,67.552
107,1,61.0301,0.03501,54.427,56.059,57.011,57.516,58.292,58.816,59.589,61.03,62.471,63.245,63.768,64.545,65.049,66.001,67.633
108,1,61.1047,0.035,54.496,56.129,57.082,57.587,58.364,58.888,59.662,61.105,62.547,63.321,63.846,64.622,65.127,66.08,67.714
109,1,61.1789,0.03499,54.564,56.199,57.153,57.658,58.436,58.96,59.735,61.179,62.623,63.398,63.922,64.7,65.205,66.159,67.794
110,1,61.2527,0.03497,54.633,56.27,57.224,57.729,58.508,59.033,59.808,61.253,62.697,63.473,63.998,64.776,65.281,66.236,67.872
111,1,61.3261,0.03496,54.701,56.339,57.294,57.8,58.579,59.104,59.88,61.326,62.772,63.548,64.074,64.853,65.358,66.314,67.951
112,1,61.3991,0.03495,54.768,56.407,57.363,57.869,58.649,59.175,59.952,61.399,62.846,63.623,64.149,64.929,65.435,66.391,68.03
113,1,61.4717,0.03494,54.834,56.475,57.432,57.939,58.719,59.246,60.023,61.472,62.92,63.698,64.224,65.005,65.511,66.468,68.109
114,1,61.5439,0.03493,54.901,56.543,57.501,58.008,58.789,59.316,60.094,61.544,62.994,63.772,64.299,65.08,65.587,66.545,68.187
115,1,61.6156,0.03492,54.967,56.61,57.569,58.077,58.858,59.386,60.164,61.616,63.067,63.846,64.373,65.155,65.662,66.621,68.265
116,1,61.687,0.03491,55.032,56.677,57.637,58.145,58.927,59.455,60.234,61.687,63.14,63.919,64.447,65.229,65.737,66.697,68.342
117,1,61.758,0.0349,55.097,56.744,57.704,58.213,58.996,59.524,60.304,61.758,63.212,63.992,64.52,65.303,65.812,66.772,68.419
118,1,61.8286,0.03489,55.162,56.81,57.771,58.28,59.064,59.593,60.374,61.829,63.284,64.064,64.593,65.377,65.886,66.847,68.495
119,1,61.8988,0.03488,55.227,56.876,57.838,58.348,59.132,59.661,60.443,61.899,63.355,64.136,64.666,65.45,65.959,66.921,68.571
120,1,61.9686,0.03487,55.291,56.942,57.904,58.414,59.199,59.729,60.511,61.969,63.426,64.208,64.738,65.523,66.033,66.995,68.646
121,1,62.0381,0.03487,55.353,57.006,57.969,58.48,59.266,59.796,60.579,62.038,63.497,64.28,64.81,65.596,66.107,67.071,68.723
122,1,62.1071,0.03486,55.417,57.07,58.035,58.546,59.332,59.863,60.647,62.107,63.567,64.351,64.882,65.668,66.179,67.144,68.798
123,1,62.1758,0.03485,55.48,57.135,58.1,58.612,59.399,59.93,60.714,62.176,63.637,64.422,64.953,65.74,66.251,67.217,68.872
124,1,62.2441,0.03484,55.543,57.199,58.165,58.677,59.465,59.997,60.781,62.244,63.707,64.492,65.023,65.811,66.323,67.289,68.946
125,1,62.312,0.03483,55.605,57.263,58.23,58.742,59.531,60.063,60.848,62.312,63.776,64.561,65.093,65.882,66.394,67.361,69.019
126,1,62.3795,0.03482,55.667,57.327,58.294,58.807,59.596,60.128,60.914,62.38,63.845,64.631,65.163,65.952,66.465,67.432,69.092
127,1,62.4467,0.03481,55.729,57.39,58.358,58.871,59.661,60.194,60.981,62.447,63.913,64.7,65.232,66.022,66.535,67.504,69.164
128,1,62.5135,0.0348,55.791,57.453,58.422,58.935,59.726,60.259,61.046,62.514,63.981,64.768,65.301,66.092,66.605,67.574,69.236
129,1,62.58,0.03479,55.852,57.515,58.485,58.999,59.79,60.324,61.112,62.58,64.048,64.836,65.37,66.161,66.675,67.645,69.308
130,1,62.6461,0.03479,55.911,57.576,58.547,59.061,59.853,60.387,61.176,62.646,64.116,64.905,65.439,66.231,66.745,67.716,69.381
131,1,62.7118,0.03478,55.972,57.638,58.61,59.124,59.917,60.451,61.241,62.712,64.183,64.972,65.507,66.299,66.814,67.786,69.452
132,1,62.7772,0.03477,56.032,57.699,58.672,59.187,59.98,60.515,61.305,62.777,64.249,65.039,65.575,66.368,66.883,67.855,69.522
133,1,62.8423,0.03476,56.092,57.761,58.734,59.249,60.043,60.578,61.369,62.842,64.316,65.106,65.642,66.435,66.951,67.924,69.593
134,1,62.907,0.03475,56.152,57.822,58.796,59.311,60.106,60.641,61.433,62.907,64.381,65.173,65.708,66.503,67.018,67.992,69.662
135,1,62.9714,0.03475,56.209,57.881,58.856,59.372,60.167,60.703,61.495,62.971,64.447,65.239,65.776,66.571,67.087,68.062,69.734
136,1,63.0354,0.03474,56.268,57.941,58.917,59.433,60.229,60.766,61.558,63.035,64.512,65.305,65.842,66.637,67.154,68.13,69.803
137,1,63.0991,0.03473,56.327,58.001,58.977,59.495,60.291,60.828,61.621,63.099,64.577,65.37,65.908,66.704,67.221,68.197,69.871
138,1,63.1626,0.03472,56.386,58.061,59.038,59.555,60.352,60.89,61.683,63.163,64.642,65.436,65.973,66.77,67.287,68.264,69.939
139,1,63.2257,0.03471,56.444,58.12,59.098,59.616,60.413,60.951,61.745,63.226,64.706,65.5,66.038,66.835,67.353,68.331,70.007
140,1,63.2884,0.03471,56.5,58.178,59.157,59.675,60.473,61.012,61.807,63.288,64.77,65.565,66.104,66.902,67.42,68.399,70.077
141,1,63.3509,0.0347,56.558,58.237,59.216,59.735,60.534,61.073,61.868,63.351,64.834,65.629,66.168,66.967,67.485,68.465,70.144
142,1,63.4131,0.03469,56.615,58.296,59.276,59.795,60.594,61.133,61.929,63.413,64.897,65.693,66.232,67.031,67.55,68.531,70.211
143,1,63.475,0.03469,56.67,58.353,59.334,59.853,60.653,61.193,61.99,63.475,64.96,65.757,66.297,67.097,67.616,68.597,70.28
144,1,63.5365,0.03468,56.727,58.411,59.392,59.912,60.713,61.253,62.05,63.537,65.023,65.82,66.36,67.161,67.681,68.662,70.346
145,1,63.5978,0.03467,56.784,58.468,59.451,59.971,60.772,61.313,62.111,63.598,65.085,65.883,66.424,67.225,67.745,68.727,70.412
146,1,63.6588,0.03467,56.839,58.524,59.508,60.029,60.83,61.371,62.17,63.659,65.147,65.946,66.487,67.289,67.81,68.793,70.479
147,1,63.7196,0.03466,56.895,58.582,59.566,60.087,60.889,61.431,62.23,63.72,65.209,66.009,66.55,67.352,67.873,68.857,70.544
148,1,63.78,0.03465,56.951,58.639,59.623,60.145,60.948,61.49,62.289,63.78,65.271,66.07,66.612,67.415,67.937,68.921,70.609
149,1,63.8402,0.03465,57.004,58.694,59.68,60.202,61.005,61.548,62.348,63.84,65.332,66.133,66.675,67.479,68.001,68.986,70.676
150,1,63.9,0.03464,57.06,58.751,59.737,60.259,61.063,61.606,62.407,63.9,65.393,66.194,66.737,67.541,68.063,69.049,70.74
151,1,63.9597,0.03463,57.115,58.807,59.794,60.316,61.121,61.664,62.466,63.96,65.454,66.255,66.798,67.603,68.126,69.112,70.804
152,1,64.019,0.03463,57.168,58.862,59.849,60.372,61.178,61.721,62.524,64.019,65.514,66.317,66.86,67.666,68.189,69.176,70.87
153,1,64.0781,0.03462,57.223,58.917,59.906,60.429,61.235,61.779,62.582,64.078,65.574,66.377,66.921,67.727,68.25,69.239,70.933
154,1,64.137,0.03461,57.277,58.973,59.962,60.486,61.292,61.836,62.64,64.137,65.634,66.438,66.982,67.788,68.312,69.301,70.997
155,1,64.1956,0.03461,57.33,59.027,60.017,60.541,61.348,61.893,62.697,64.196,65.694,66.498,67.043,67.85,68.374,69.364,71.062
156,1,64.2539,0.0346,57.384,59.082,60.073,60.597,61.405,61.95,62.754,64.254,65.753,66.558,67.103,67.911,68.435,69.426,71.124
157,1,64.312,0.0346,57.436,59.135,60.127,60.652,61.46,62.006,62.811,64.312,65.813,66.618,67.164,67.972,68.497,69.489,71.188
158,1,64.3699,0.03459,57.489,59.19,60.182,60.708,61.516,62.062,62.868,64.37,65.872,66.678,67.223,68.032,68.558,69.55,71.25
159,1,64.4276,0.03459,57.541,59.243,60.236,60.762,61.572,62.118,62.924,64.428,65.931,66.737,67.284,68.093,68.619,69.612,71.314
160,1,64.485,0.03458,57.594,59.297,60.291,60.817,61.627,62.174,62.981,64.485,65.989,66.796,67.343,68.153,68.679,69.673,71.376
161,1,64.5422,0.03457,57.647,59.352,60.346,60.872,61.683,62.23,63.037,64.542,66.047,66.855,67.402,68.212,68.739,69.733,71.437
162,1,64.5991,0.03457,57.698,59.404,60.399,60.926,61.737,62.285,63.093,64.599,66.105,66.914,67.461,68.272,68.799,69.794,71.5
163,1,64.6559,0.03456,57.751,59.458,60.453,60.98,61.792,62.34,63.149,64.656,66.163,66.972,67.52,68.331,68.859,69.854,71.561
164,1,64.7124,0.03456,57.801,59.51,60.506,61.034,61.846,62.394,63.204,64.712,66.221,67.03,67.579,68.391,68.919,69.915,71.624
165,1,64.7688,0.03455,57.854,59.563,60.56,61.088,61.901,62.45,63.259,64.769,66.278,67.088,67.637,68.45,68.978,69.975,71.684
166,1,64.8249,0.03455,57.904,59.615,60.612,61.141,61.955,62.504,63.314,64.825,66.336,67.146,67.695,68.509,69.037,70.035,71.746
167,1,64.8808,0.03454,57.956,59.667,60.666,61.195,62.009,62.558,63.369,64.881,66.392,67.203,67.753,68.567,69.096,70.094,71.806
168,1,64.9366,0.03454,58.005,59.719,60.718,61.247,62.062,62.612,63.424,64.937,66.449,67.261,67.811,68.626,69.155,70.154,71.868
169,1,64.9921,0.03453,58.057,59.771,60.771,61.301,62.116,62.666,63.478,64.992,66.506,67.318,67.868,68.683,69.213,70.213,71.927
170,1,65.0474,0.03453,58.106,59.822,60.823,61.353,62.169,62.719,63.532,65.047,66.562,67.375,67.926,68.742,69.272,70.273,71.988
171,1,65.1026,0.03453,58.156,59.873,60.875,61.405,62.222,62.773,63.586,65.103,66.619,67.432,67.984,68.8,69.331,70.332,72.049
172,1,65.1576,0.03452,58.207,59.925,60.927,61.458,62.275,62.826,63.641,65.158,66.675,67.489,68.04,68.857,69.388,70.39,72.108
173,1,65.2123,0.03452,58.256,59.975,60.978,61.51,62.327,62.879,63.694,65.212,66.731,67.545,68.097,68.915,69.446,70.449,72.169
174,1,65.267,0.03451,58.307,60.027,61.031,61.562,62.38,62.933,63.748,65.267,66.786,67.601,68.154,68.972,69.503,70.507,72.227
175,1,65.3214,0.03451,58.355,60.077,61.082,61.614,62.432,62.985,63.801,65.321,66.842,67.658,68.21,69.029,69.561,70.566,72.288
176,1,65.3757,0.0345,58.406,60.129,61.134,61.666,62.485,63.038,63.854,65.376,66.897,67.713,68.266,69.086,69.618,70.623,72.346
177,1,65.4298,0.0345,58.454,60.178,61.184,61.717,62.537,63.09,63.907,65.43,66.952,67.769,68.323,69.143,69.675,70.681,72.405
178,1,65.4837,0.0345,58.502,60.228,61.235,61.768,62.588,63.142,63.96,65.484,67.007,67.825,68.379,69.2,69.733,70.739,72.465
179,1,65.5375,0.03449,58.552,60.279,61.286,61.819,62.641,63.195,64.013,65.538,67.062,67.88,68.434,69.256,69.789,70.796,72.523
180,1,65.5911,0.03449,58.6,60.328,61.336,61.87,62.692,63.246,64.065,65.591,67.117,67.936,68.49,69.312,69.846,70.854,72.582
181,1,65.6445,0.03449,58.648,60.377,61.386,61.92,62.743,63.298,64.117,65.645,67.172,67.991,68.546,69.369,69.903,70.912,72.641
182,1,65.6978,0.03448,58.698,60.428,61.437,61.972,62.795,63.35,64.17,65.698,67.226,68.046,68.601,69.424,69.958,70.968,72.698
183,1,65.751,0.03448,58.745,60.477,61.487,62.022,62.846,63.401,64.222,65.751,67.28,68.101,68.656,69.48,70.015,71.025,72.757
184,1,65.804,0.03447,58.795,60.527,61.538,62.073,62.897,63.453,64.274,65.804,67.334,68.155,68.711,69.535,70.07,71.081,72.813
185,1,65.8568,0.03447,58.842,60.576,61.587,62.123,62.948,63.504,64.326,65.857,67.388,68.21,68.766,69.591,70.126,71.138,72.872
186,1,65.9095,0.03447,58.889,60.624,61.637,62.173,62.998,63.555,64.377,65.91,67.442,68.264,68.821,69.646,70.182,71.195,72.93
187,1,65.9621,0.03447,58.936,60.673,61.686,62.222,63.048,63.606,64.429,65.962,67.496,68.319,68.876,69.702,70.238,71.252,72.988
188,1,66.0145,0.03446,58.985,60.722,61.736,62.273,63.099,63.657,64.48,66.015,67.549,68.372,68.93,69.756,70.293,71.307,73.044
189,1,66.0668,0.03446,59.031,60.77,61.785,62.322,63.149,63.707,64.531,66.067,67.602,68.426,68.984,69.812,70.349,71.363,73.102
190,1,66.1189,0.03446,59.078,60.818,61.834,62.371,63.199,63.757,64.582,66.119,67.656,68.48,69.039,69.867,70.404,71.419,73.16
191,1,66.1709,0.03445,59.126,60.868,61.883,62.421,63.249,63.808,64.633,66.171,67.708,68.534,69.092,69.92,70.458,71.474,73.215
192,1,66.2228,0.03445,59.173,60.916,61.932,62.47,63.299,63.858,64.684,66.223,67.762,68.587,69.147,69.975,70.514,71.53,73.273
193,1,66.2745,0.03445,59.219,60.963,61.98,62.519,63.349,63.908,64.735,66.275,67.814,68.641,69.2,70.03,70.569,71.586,73.33
194,1,66.3261,0.03444,59.267,61.012,62.03,62.569,63.399,63.959,64.785,66.326,67.867,68.694,69.254,70.083,70.622,71.64,73.385
195,1,66.3776,0.03444,59.313,61.059,62.078,62.617,63.448,64.008,64.836,66.378,67.92,68.747,69.307,70.138,70.677,71.696,73.442
196,1,66.429,0.03444,59.359,61.107,62.126,62.666,63.497,64.058,64.886,66.429,67.972,68.8,69.361,70.192,70.732,71.751,73.499
197,1,66.4802,0.03444,59.405,61.154,62.174,62.714,63.546,64.107,64.936,66.48,68.024,68.853,69.414,70.246,70.786,71.807,73.556
198,1,66.5313,0.03444,59.451,61.201,62.222,62.762,63.595,64.156,64.986,66.531,68.077,68.906,69.468,70.3,70.841,71.862,73.612
199,1,66.5823,0.03443,59.498,61.249,62.271,62.812,63.644,64.206,65.036,66.582,68.129,68.958,69.52,70.353,70.894,71.915,73.666
200,1,66.6331,0.03443,59.544,61.296,62.318,62.86,63.693,64.255,65.086,66.633,68.18,69.011,69.573,70.407,70.948,71.97,73.723
201,1,66.6839,0.03443,59.589,61.343,62.366,62.907,63.742,64.304,65.135,66.684,68.232,69.063,69.626,70.46,71.002,72.025,73.779
202,1,66.7345,0.03443,59.634,61.389,62.413,62.955,63.79,64.353,65.185,66.735,68.284,69.116,69.679,70.514,71.056,72.08,73.835
203,1,66.785,0.03442,59.681,61.437,62.462,63.004,63.839,64.403,65.235,66.785,68.335,69.167,69.731,70.566,71.108,72.133,73.889
204,1,66.8354,0.03442,59.726,61.484,62.509,63.051,63.887,64.451,65.284,66.835,68.387,69.22,69.784,70.619,71.162,72.187,73.944
205,1,66.8857,0.03442,59.771,61.53,62.556,63.099,63.935,64.5,65.333,66.886,68.439,69.272,69.836,70.672,71.216,72.241,74.0
206,1,66.9359,0.03442,59.816,61.576,62.603,63.146,63.983,64.548,65.382,66.936,68.49,69.324,69.889,70.726,71.269,72.296,74.056
207,1,66.9859,0.03442,59.861,61.622,62.649,63.193,64.031,64.596,65.431,66.986,68.541,69.376,69.941,70.778,71.322,72.35,74.111
208,1,67.0359,0.03442,59.906,61.668,62.696,63.241,64.079,64.644,65.48,67.036,68.592,69.427,69.993,70.831,71.376,72.404,74.166
209,1,67.0858,0.03441,59.952,61.716,62.744,63.289,64.127,64.693,65.529,67.086,68.643,69.478,70.044,70.883,71.427,72.456,74.219
210,1,67.1355,0.03441,59.997,61.761,62.791,63.336,64.175,64.741,65.577,67.136,68.694,69.53,70.096,70.935,71.48,72.51,74.274
211,1,67.1852,0.03441,60.041,61.807,62.837,63.383,64.222,64.789,65.626,67.185,68.745,69.581,70.148,70.988,71.533,72.563,74.329
212,1,67.2347,0.03441,60.085,61.853,62.883,63.429,64.27,64.837,65.674,67.235,68.795,69.633,70.2,71.04,71.586,72.617,74.384
213,1,67.2842,0.03441,60.13,61.898,62.93,63.476,64.317,64.885,65.723,67.284,68.846,69.684,70.251,71.092,71.639,72.67,74.439
214,1,67.3335,0.03441,60.174,61.943,62.976,63.522,64.364,64.932,65.771,67.334,68.896,69.735,70.303,71.145,71.691,72.724,74.493
215,1,67.3828,0.03441,60.218,61.989,63.022,63.569,64.411,64.98,65.819,67.383,68.947,69.786,70.354,71.197,71.744,72.777,74.548
216,1,67.432,0.03441,60.262,62.034,63.068,63.615,64.458,65.027,65.867,67.432,68.997,69.837,70.406,71.249,71.796,72.83,74.602
217,1,67.481,0.0344,60.308,62.081,63.115,63.663,64.506,65.075,65.915,67.481,69.047,69.887,70.456,71.299,71.847,72.881,74.654
218,1,67.53,0.0344,60.351,62.126,63.161,63.709,64.553,65.122,65.963,67.53,69.097,69.938,70.507,71.351,71.899,72.934,74.709
219,1,67.5789,0.0344,60.395,62.171,63.207,63.755,64.6,65.169,66.011,67.579,69.147,69.988,70.558,71.403,71.951,72.987,74.763
220,1,67.6277,0.0344,60.439,62.216,63.252,63.801,64.646,65.217,66.059,67.628,69.197,70.039,70.609,71.454,72.003,73.04,74.817
221,1,67.6764,0.0344,60.482,62.261,63.298,63.847,64.693,65.264,66.106,67.676,69.247,70.089,70.66,71.506,72.055,73.092,74.871
222,1,67.725,0.0344,60.526,62.305,63.343,63.893,64.739,65.31,66.154,67.725,69.296,70.14,70.711,71.557,72.107,73.145,74.924
223,1,67.7735,0.0344,60.569,62.35,63.389,63.939,64.786,65.357,66.201,67.774,69.346,70.19,70.761,71.608,72.158,73.197,74.978
224,1,67.8219,0.0344,60.612,62.394,63.434,63.984,64.832,65.404,66.248,67.822,69.396,70.24,70.812,71.659,72.21,73.249,75.032
225,1,67.8703,0.0344,60.655,62.439,63.479,64.03,64.878,65.45,66.296,67.87,69.445,70.29,70.862,71.711,72.261,73.302,75.085
226,1,67.9185,0.0344,60.698,62.483,63.524,64.075,64.924,65.497,66.343,67.919,69.494,70.34,70.913,71.762,72.313,73.354,75.139
227,1,67.9667,0.0344,60.742,62.528,63.569,64.121,64.97,65.543,66.39,67.967,69.544,70.39,70.963,71.812,72.364,73.406,75.192
228,1,68.0148,0.0344,60.785,62.572,63.614,64.166,65.016,65.59,66.437,68.015,69.593,70.44,71.013,71.863,72.415,73.458,75.245
229,1,68.0628,0.0344,60.827,62.616,63.659,64.212,65.062,65.636,66.484,68.063,69.642,70.489,71.063,71.914,72.466,73.51,75.298
230,1,68.1107,0.0344,60.87,62.66,63.704,64.257,65.108,65.682,66.53,68.111,69.691,70.539,71.113,71.965,72.517,73.561,75.351
231,1,68.1585,0.0344,60.913,62.704,63.749,64.302,65.154,65.728,66.577,68.159,69.74,70.589,71.163,72.015,72.568,73.613,75.404
232,1,68.2063,0.0344,60.956,62.748,63.793,64.347,65.199,65.775,66.624,68.206,69.789,70.638,71.213,72.066,72.619,73.665,75.457
233,1,68.254,0.0344,60.998,62.792,63.838,64.392,65.245,65.821,66.67,68.254,69.838,70.687,71.263,72.116,72.67,73.716,75.51
234,1,68.3016,0.0344,61.041,62.836,63.883,64.437,65.29,65.866,66.717,68.302,69.886,70.737,71.313,72.166,72.721,73.768,75.562
235,1,68.3491,0.0344,61.083,62.879,63.927,64.482,65.336,65.912,66.763,68.349,69.935,70.786,71.362,72.216,72.771,73.819,75.615
236,1,68.3965,0.0344,61.126,62.923,63.971,64.526,65.381,65.958,66.81,68.397,69.983,70.835,71.412,72.267,72.822,73.87,75.667
237,1,68.4439,0.0344,61.168,62.967,64.016,64.571,65.427,66.004,66.856,68.444,70.032,70.884,71.461,72.317,72.872,73.921,75.72
238,1,68.4911,0.0344,61.21,63.01,64.06,64.616,65.472,66.049,66.902,68.491,70.08,70.933,71.511,72.367,72.922,73.972,75.772
239,1,68.5383,0.0344,61.252,63.053,64.104,64.66,65.517,66.095,66.948,68.538,70.129,70.982,71.56,72.416,72.973,74.023,75.824
240,1,68.5855,0.0344,61.295,63.097,64.148,64.705,65.562,66.14,66.994,68.586,70.177,71.031,71.609,72.466,73.023,74.074,75.876
241,1,68.6325,0.0344,61.337,63.14,64.192,64.749,65.607,66.186,67.04,68.633,70.225,71.079,71.658,72.516,73.073,74.125,75.928
242,1,68.6795,0.0344,61.379,63.183,64.236,64.793,65.652,66.231,67.086,68.68,70.273,71.128,71.707,72.566,73.123,74.176,75.98
243,1,68.7264,0.0344,61.421,63.226,64.28,64.838,65.697,66.276,67.132,68.726,70.321,71.177,71.756,72.615,73.173,74.226,76.032
244,1,68.7732,0.0344,61.462,63.27,64.324,64.882,65.741,66.321,67.177,68.773,70.369,71.225,71.805,72.665,73.223,74.277,76.084
245,1,68.82,0.0344,61.504,63.313,64.367,64.926,65.786,66.366,67.223,68.82,70.417,71.274,71.854,72.714,73.273,74.327,76.136
246,1,68.8666,0.0344,61.546,63.355,64.411,64.97,65.831,66.411,67.269,68.867,70.464,71.322,71.903,72.763,73.322,74.378,76.187
247,1,68.9133,0.0344,61.588,63.398,64.455,65.014,65.875,66.456,67.314,68.913,70.512,71.37,71.951,72.813,73.372,74.428,76.239
248,1,68.9598,0.0344,61.629,63.441,64.498,65.058,65.92,66.501,67.36,68.96,70.56,71.418,72.0,72.862,73.421,74.478,76.291
249,1,69.0063,0.0344,61.671,63.484,64.542,65.102,65.964,66.546,67.405,69.006,70.607,71.467,72.048,72.911,73.471,74.529,76.342
250,1,69.0527,0.0344,61.712,63.527,64.585,65.145,66.008,66.591,67.451,69.053,70.655,71.515,72.097,72.96,73.52,74.579,76.393
251,1,69.099,0.03441,61.751,63.568,64.627,65.188,66.052,66.635,67.495,69.099,70.703,71.563,72.146,73.01,73.571,74.63,76.447
252,1,69.1452,0.03441,61.793,63.61,64.67,65.232,66.096,66.679,67.54,69.145,70.75,71.611,72.194,73.059,73.62,74.68,76.498
253,1,69.1914,0.03441,61.834,63.653,64.713,65.275,66.14,66.724,67.586,69.191,70.797,71.659,72.243,73.108,73.669,74.73,76.549
254,1,69.2376,0.03441,61.875,63.695,64.757,65.319,66.184,66.768,67.631,69.238,70.845,71.707,72.291,73.156,73.719,74.78,76.6
255,1,69.2836,0.03441,61.916,63.737,64.8,65.362,66.228,66.813,67.676,69.284,70.892,71.755,72.339,73.205,73.768,74.83,76.651
256,1,69.3296,0.03441,61.957,63.78,64.843,65.406,66.272,66.857,67.721,69.33,70.939,71.802,72.387,73.254,73.816,74.879,76.702
257,1,69.3755,0.03441,61.998,63.822,64.886,65.449,66.316,66.901,67.765,69.376,70.986,71.85,72.435,73.302,73.865,74.929,76.753
258,1,69.4214,0.03441,62.039,63.864,64.929,65.492,66.36,66.946,67.81,69.421,71.033,71.897,72.483,73.351,73.914,74.979,76.803
259,1,69.4672,0.03441,62.08,63.906,64.971,65.535,66.404,66.99,67.855,69.467,71.079,71.945,72.531,73.399,73.963,75.028,76.854
260,1,69.5129,0.03442,62.119,63.947,65.013,65.577,66.447,67.033,67.899,69.513,71.127,71.993,72.579,73.448,74.013,75.079,76.907
261,1,69.5585,0.03442,62.16,63.989,65.055,65.62,66.49,67.077,67.944,69.559,71.173,72.04,72.627,73.497,74.062,75.128,76.957
262,1,69.6041,0.03442,62.201,64.031,65.098,65.663,66.534,67.121,67.988,69.604,71.22,72.087,72.674,73.545,74.11,75.178,77.008
263,1,69.6496,0.03442,62.241,64.073,65.141,65.706,66.577,67.165,68.033,69.65,71.267,72.134,72.722,73.593,74.159,75.227,77.058
264,1,69.6951,0.03442,62.282,64.114,65.183,65.749,66.621,67.209,68.077,69.695,71.313,72.181,72.769,73.641,74.207,75.276,77.108
265,1,69.7405,0.03442,62.322,64.156,65.226,65.792,66.664,67.253,68.121,69.741,71.36,72.228,72.817,73.689,74.255,75.325,77.159
266,1,69.7858,0.03443,62.361,64.196,65.267,65.834,66.707,67.296,68.165,69.786,71.406,72.276,72.865,73.738,74.305,75.375,77.211
267,1,69.8311,0.03443,62.401,64.238,65.309,65.876,66.75,67.339,68.209,69.831,71.453,72.323,72.912,73.786,74.353,75.424,77.261
268,1,69.8763,0.03443,62.442,64.279,65.351,65.919,66.793,67.383,68.254,69.876,71.499,72.37,72.96,73.834,74.401,75.473,77.311
269,1,69.9215,0.03443,62.482,64.321,65.394,65.962,66.836,67.426,68.298,69.922,71.545,72.417,73.007,73.881,74.449,75.522,77.361
270,1,69.9666,0.03443,62.522,64.363,65.436,66.004,66.879,67.47,68.342,69.967,71.591,72.463,73.054,73.929,74.497,75.571,77.411
271,1,70.0116,0.03444,62.56,64.402,65.477,66.046,66.922,67.513,68.385,70.012,71.638,72.511,73.102,73.978,74.547,75.621,77.463
272,1,70.0566,0.03444,62.601,64.444,65.519,66.088,66.965,67.556,68.429,70.057,71.684,72.557,73.149,74.025,74.594,75.669,77.513
273,1,70.1015,0.03444,62.641,64.485,65.561,66.13,67.007,67.599,68.473,70.102,71.73,72.604,73.196,74.073,74.642,75.718,77.562
274,1,70.1463,0.03444,62.681,64.526,65.603,66.173,67.05,67.642,68.517,70.146,71.776,72.65,73.242,74.12,74.69,75.766,77.612
275,1,70.1911,0.03444,62.721,64.567,65.645,66.215,67.093,67.686,68.561,70.191,71.822,72.697,73.289,74.167,74.738,75.815,77.661
276,1,70.2358,0.03445,62.759,64.607,65.685,66.256,67.135,67.728,68.604,70.236,71.868,72.744,73.337,74.216,74.787,75.865,77.713
277,1,70.2805,0.03445,62.799,64.648,65.727,66.298,67.178,67.771,68.647,70.281,71.914,72.79,73.383,74.263,74.834,75.913,77.762
278,1,70.3251,0.03445,62.838,64.689,65.769,66.34,67.22,67.814,68.691,70.325,71.959,72.836,73.43,74.31,74.882,75.961,77.812
279,1,70.3697,0.03445,62.878,64.73,65.81,66.382,67.263,67.857,68.735,70.37,72.005,72.882,73.476,74.357,74.929,76.009,77.861
280,1,70.4142,0.03445,62.918,64.771,65.852,66.424,67.305,67.9,68.778,70.414,72.05,72.928,73.523,74.404,74.977,76.057,77.91
281,1,70.4586,0.03446,62.956,64.81,65.892,66.465,67.347,67.942,68.821,70.459,72.096,72.975,73.57,74.452,75.025,76.107,77.962
282,1,70.503,0.03446,62.995,64.851,65.934,66.507,67.389,67.985,68.864,70.503,72.142,73.021,73.617,74.499,75.072,76.155,78.011
283,1,70.5474,0.03446,63.035,64.892,65.975,66.549,67.432,68.028,68.908,70.547,72.187,73.067,73.663,74.546,75.12,76.203,78.06
284,1,70.5917,0.03446,63.074,64.933,66.017,66.59,67.474,68.07,68.951,70.592,72.232,73.113,73.709,74.593,75.167,76.251,78.109
285,1,70.6359,0.03447,63.112,64.972,66.057,66.631,67.516,68.112,68.994,70.636,72.278,73.159,73.756,74.641,75.215,76.3,78.16
286,1,70.68,0.03447,63.151,65.012,66.098,66.673,67.558,68.155,69.037,70.68,72.323,73.205,73.802,74.687,75.262,76.348,78.209
287,1,70.7241,0.03447,63.191,65.053,66.139,66.714,67.6,68.197,69.08,70.724,72.368,73.251,73.848,74.734,75.309,76.395,78.258
288,1,70.7682,0.03448,63.228,65.092,66.179,66.755,67.641,68.239,69.122,70.768,72.414,73.297,73.895,74.782,75.358,76.445,78.309
289,1,70.8122,0.03448,63.267,65.132,66.22,66.796,67.683,68.282,69.165,70.812,72.459,73.343,73.941,74.828,75.404,76.492,78.357
290,1,70.8561,0.03448,63.306,65.173,66.261,66.838,67.725,68.324,69.208,70.856,72.504,73.388,73.987,74.875,75.451,76.54,78.406
291,1,70.9,0.03448,63.346,65.213,66.302,66.879,67.767,68.366,69.251,70.9,72.549,73.434,74.033,74.921,75.498,76.587,78.454
292,1,70.9439,0.03449,63.383,65.252,66.342,66.919,67.808,68.408,69.294,70.944,72.594,73.48,74.08,74.969,75.546,76.636,78.505
293,1,70.9876,0.03449,63.422,65.292,66.383,66.96,67.85,68.45,69.336,70.988,72.639,73.525,74.125,75.015,75.592,76.683,78.554
294,1,71.0314,0.03449,63.461,65.332,66.424,67.002,67.892,68.492,69.379,71.031,72.684,73.571,74.171,75.061,75.639,76.731,78.602
295,1,71.075,0.0345,63.497,65.371,66.463,67.042,67.933,68.534,69.421,71.075,72.729,73.616,74.217,75.108,75.687,76.779,78.653
296,1,71.1187,0.0345,63.537,65.411,66.504,67.083,67.974,68.576,69.464,71.119,72.774,73.662,74.263,75.155,75.733,76.827,78.701
297,1,71.1622,0.0345,63.575,65.451,66.545,67.124,68.016,68.618,69.506,71.162,72.818,73.707,74.309,75.2,75.78,76.874,78.749
298,1,71.2057,0.0345,63.614,65.491,66.585,67.165,68.057,68.66,69.549,71.206,72.863,73.752,74.354,75.246,75.826,76.921,78.797
299,1,71.2492,0.03451,63.651,65.529,66.625,67.205,68.098,68.701,69.591,71.249,72.908,73.798,74.4,75.294,75.874,76.969,78.847
300,1,71.2926,0.03451,63.69,65.569,66.665,67.246,68.14,68.743,69.633,71.293,72.952,73.843,74.446,75.339,75.92,77.016,78.896
301,1,71.3359,0.03451,63.728,65.609,66.706,67.287,68.181,68.784,69.675,71.336,72.996,73.887,74.491,75.385,75.966,77.063,78.943
302,1,71.3792,0.03452,63.765,65.647,66.745,67.326,68.221,68.825,69.717,71.379,73.041,73.933,74.537,75.432,76.013,77.111,78.994
303,1,71.4224,0.03452,63.803,65.687,66.785,67.367,68.263,68.867,69.759,71.422,73.085,73.978,74.582,75.478,76.059,77.158,79.041
304,1,71.4656,0.03452,63.842,65.727,66.826,67.408,68.304,68.909,69.802,71.466,73.13,74.022,74.627,75.523,76.106,77.205,79.089
305,1,71.5088,0.03453,63.878,65.765,66.865,67.447,68.344,68.95,69.843,71.509,73.174,74.068,74.673,75.57,76.153,77.253,79.139
306,1,71.5518,0.03453,63.917,65.804,66.905,67.488,68.385,68.991,69.885,71.552,73.218,74.112,74.718,75.616,76.199,77.299,79.187
307,1,71.5949,0.03453,63.955,65.844,66.945,67.529,68.427,69.033,69.927,71.595,73.262,74.157,74.763,75.661,76.245,77.346,79.234
308,1,71.6378,0.03454,63.991,65.882,66.984,67.568,68.467,69.073,69.969,71.638,73.307,74.202,74.809,75.708,76.292,77.394,79.284
309,1,71.6808,0.03454,64.03,65.921,67.024,67.608,68.508,69.115,70.011,71.681,73.351,74.247,74.854,75.753,76.337,77.44,79.332
310,1,71.7236,0.03454,64.068,65.96,67.064,67.649,68.549,69.156,70.053,71.724,73.395,74.291,74.898,75.798,76.383,77.487,79.379
311,1,71.7664,0.03455,64.104,65.998,67.103,67.688,68.589,69.197,70.094,71.766,73.439,74.336,74.944,75.845,76.43,77.535,79.429
312,1,71.8092,0.03455,64.142,66.038,67.143,67.728,68.63,69.238,70.136,71.809,73.483,74.381,74.989,75.89,76.475,77.581,79.476
313,1,71.8519,0.03456,64.178,66.075,67.182,67.767,68.67,69.278,70.177,71.852,73.527,74.426,75.034,75.936,76.522,77.629,79.526
314,1,71.8946,0.03456,64.216,66.114,67.221,67.808,68.71,69.319,70.219,71.895,73.57,74.47,75.079,75.982,76.568,77.675,79.573
315,1,71.9372,0.03456,64.254,66.154,67.261,67.848,68.751,69.36,70.26,71.937,73.614,74.514,75.123,76.027,76.613,77.721,79.62
316,1,71.9798,0.03457,64.29,66.191,67.3,67.887,68.791,69.401,70.301,71.98,73.658,74.559,75.169,76.073,76.66,77.769,79.669
317,1,72.0223,0.03457,64.328,66.23,67.339,67.927,68.831,69.442,70.343,72.022,73.702,74.603,75.213,76.118,76.705,77.814,79.716
318,1,72.0647,0.03457,64.366,66.269,67.379,67.967,68.872,69.483,70.384,72.065,73.745,74.647,75.257,76.162,76.75,77.86,79.763
319,1,72.1071,0.03458,64.402,66.306,67.417,68.006,68.912,69.523,70.425,72.107,73.789,74.691,75.303,76.208,76.797,77.908,79.812
320,1,72.1495,0.03458,64.44,66.345,67.457,68.046,68.952,69.564,70.467,72.15,73.832,74.735,75.347,76.253,76.842,77.954,79.859
321,1,72.1918,0.03459,64.475,66.383,67.495,68.084,68.992,69.604,70.508,72.192,73.876,74.78,75.392,76.299,76.888,78.001,79.908
322,1,72.234,0.03459,64.513,66.421,67.535,68.124,69.032,69.644,70.549,72.234,73.919,74.824,75.436,76.344,76.933,78.047,79.955
323,1,72.2762,0.03459,64.551,66.46,67.574,68.164,69.072,69.685,70.59,72.276,73.962,74.867,75.48,76.388,76.978,78.092,80.002
324,1,72.3184,0.0346,64.586,66.497,67.612,68.203,69.112,69.725,70.631,72.318,74.006,74.912,75.525,76.434,77.025,78.139,80.051
325,1,72.3605,0.0346,64.624,66.536,67.652,68.242,69.152,69.766,70.672,72.361,74.049,74.955,75.569,76.479,77.069,78.185,80.097
326,1,72.4025,0.03461,64.659,66.573,67.69,68.281,69.191,69.805,70.712,72.403,74.093,75.0,75.614,76.524,77.115,78.232,80.146
327,1,72.4445,0.03461,64.696,66.612,67.729,68.32,69.231,69.846,70.753,72.445,74.136,75.043,75.658,76.569,77.16,78.277,80.193
328,1,72.4865,0.03461,64.734,66.65,67.768,68.36,69.271,69.886,70.794,72.487,74.179,75.087,75.702,76.613,77.205,78.323,80.239
329,1,72.5284,0.03462,64.769,66.687,67.806,68.398,69.311,69.926,70.835,72.528,74.222,75.131,75.746,76.659,77.251,78.37,80.288
330,1,72.5702,0.03462,64.806,66.726,67.845,68.438,69.35,69.966,70.876,72.57,74.265,75.174,75.79,76.703,77.295,78.415,80.334
331,1,72.612,0.03463,64.841,66.762,67.883,68.476,69.389,70.006,70.916,72.612,74.308,75.218,75.835,76.748,77.341,78.462,80.383
332,1,72.6538,0.03463,64.879,66.801,67.922,68.515,69.429,70.046,70.957,72.654,74.351,75.261,75.878,76.792,77.386,78.507,80.429
333,1,72.6955,0.03464,64.914,66.837,67.959,68.553,69.468,70.086,70.997,72.696,74.394,75.305,75.923,76.838,77.432,78.554,80.477
334,1,72.7372,0.03464,64.951,66.876,67.998,68.593,69.508,70.126,71.038,72.737,74.437,75.349,75.966,76.882,77.476,78.599,80.523
335,1,72.7788,0.03464,64.988,66.914,68.037,68.632,69.548,70.166,71.078,72.779,74.479,75.392,76.01,76.926,77.52,78.644,80.569
336,1,72.8203,0.03465,65.023,66.95,68.075,68.67,69.587,70.205,71.118,72.82,74.522,75.435,76.054,76.971,77.566,78.69,80.618
337,1,72.8618,0.03465,65.06,66.989,68.113,68.709,69.626,70.245,71.159,72.862,74.565,75.478,76.097,77.014,77.61,78.735,80.664
338,1,72.9033,0.03466,65.095,67.025,68.151,68.747,69.665,70.284,71.199,72.903,74.608,75.522,76.142,77.06,77.656,78.782,80.712
339,1,72.9447,0.03466,65.132,67.063,68.19,68.786,69.705,70.324,71.239,72.945,74.65,75.565,76.185,77.103,77.7,78.826,80.758
340,1,72.9861,0.03467,65.166,67.099,68.227,68.824,69.743,70.363,71.279,72.986,74.693,75.609,76.229,77.148,77.745,78.873,80.806
341,1,73.0274,0.03467,65.203,67.137,68.265,68.863,69.783,70.403,71.32,73.027,74.735,75.652,76.272,77.192,77.789,78.917,80.851
342,1,73.0686,0.03468,65.238,67.174,68.303,68.901,69.821,70.442,71.359,73.069,74.778,75.695,76.316,77.237,77.835,78.964,80.899
343,1,73.1099,0.03468,65.275,67.212,68.341,68.939,69.861,70.482,71.4,73.11,74.82,75.738,76.359,77.28,77.879,79.008,80.945
344,1,73.151,0.03469,65.309,67.248,68.378,68.977,69.899,70.521,71.439,73.151,74.863,75.781,76.403,77.325,77.924,79.054,80.993
345,1,73.1922,0.03469,65.346,67.286,68.417,69.016,69.938,70.561,71.48,73.192,74.905,75.824,76.446,77.369,77.968,79.099,81.038
346,1,73.2332,0.03469,65.383,67.323,68.455,69.055,69.977,70.6,71.52,73.233,74.947,75.866,76.489,77.412,78.011,79.143,81.084
347,1,73.2743,0.0347,65.417,67.359,68.492,69.092,70.016,70.639,71.559,73.274,74.989,75.91,76.533,77.457,78.056,79.189,81.132
348,1,73.3152,0.0347,65.454,67.397,68.53,69.131,70.055,70.678,71.599,73.315,75.031,75.952,76.576,77.5,78.1,79.234,81.177
349,1,73.3562,0.03471,65.488,67.433,68.567,69.168,70.093,70.717,71.639,73.356,75.074,75.995,76.619,77.544,78.145,79.28,81.225
350,1,73.3971,0.03471,65.524,67.47,68.606,69.207,70.132,70.757,71.679,73.397,75.115,76.038,76.662,77.588,78.189,79.324,81.27
351,1,73.4379,0.03472,65.559,67.506,68.642,69.244,70.17,70.795,71.718,73.438,75.158,76.081,76.706,77.632,78.233,79.37,81.317
352,1,73.4787,0.03472,65.595,67.544,68.68,69.282,70.209,70.835,71.758,73.479,75.199,76.123,76.748,77.675,78.277,79.414,81.362
353,1,73.5195,0.03473,65.629,67.58,68.717,69.32,70.247,70.873,71.797,73.52,75.242,76.166,76.792,77.719,78.322,79.459,81.41
354,1,73.5602,0.03473,65.665,67.617,68.755,69.358,70.286,70.912,71.837,73.56,75.283,76.208,76.834,77.762,78.365,79.503,81.455
355,1,73.6008,0.03474,65.699,67.653,68.792,69.395,70.324,70.951,71.876,73.601,75.325,76.251,76.878,77.807,78.41,79.549,81.502
356,1,73.6414,0.03474,65.736,67.69,68.83,69.433,70.363,70.99,71.916,73.641,75.367,76.293,76.92,77.849,78.453,79.593,81.547
357,1,73.682,0.03475,65.77,67.726,68.866,69.47,70.401,71.028,71.955,73.682,75.409,76.336,76.963,77.894,78.498,79.638,81.594
358,1,73.7225,0.03475,65.806,67.763,68.904,69.509,70.439,71.067,71.995,73.723,75.45,76.378,77.006,77.936,78.541,79.682,81.639
359,1,73.763,0.03476,65.84,67.798,68.941,69.546,70.477,71.106,72.034,73.763,75.492,76.42,77.049,77.98,78.585,79.728,81.686
360,1,73.8034,0.03476,65.876,67.835,68.978,69.584,70.516,71.145,72.073,73.803,75.534,76.462,77.091,78.023,78.628,79.771,81.731
361,1,73.8438,0.03477,65.909,67.871,69.015,69.621,70.553,71.183,72.112,73.844,75.576,76.505,77.134,78.067,78.673,79.817,81.778
362,1,73.8842,0.03477,65.946,67.908,69.053,69.659,70.592,71.222,72.151,73.884,75.617,76.547,77.176,78.11,78.716,79.86,81.823
363,1,73.9245,0.03478,65.979,67.943,69.089,69.695,70.63,71.26,72.19,73.925,75.659,76.589,77.219,78.154,78.76,79.906,81.87
364,1,73.9647,0.03478,66.015,67.98,69.126,69.733,70.668,71.298,72.23,73.965,75.7,76.631,77.261,78.196,78.803,79.949,81.914
365,1,74.0049,0.03479,66.049,68.015,69.163,69.77,70.705,71.336,72.268,74.005,75.741,76.673,77.304,78.24,78.847,79.994,81.961
366,1,74.0451,0.03479,66.085,68.052,69.2,69.808,70.744,71.375,72.308,74.045,75.783,76.715,77.346,78.282,78.89,80.038,82.006
367,1,74.0852,0.0348,66.118,68.087,69.236,69.844,70.781,71.413,72.346,74.085,75.824,76.757,77.389,78.326,78.934,80.083,82.052
368,1,74.1253,0.0348,66.154,68.124,69.274,69.882,70.819,71.452,72.385,74.125,75.865,76.799,77.431,78.368,78.977,80.126,82.097
369,1,74.1653,0.03481,66.187,68.159,69.31,69.919,70.857,71.49,72.424,74.165,75.907,76.841,77.474,78.412,79.021,80.171,82.143
370,1,74.2053,0.03482,66.221,68.194,69.346,69.955,70.894,71.527,72.463,74.205,75.948,76.883,77.517,78.455,79.065,80.216,82.19
371,1,74.2452,0.03482,66.256,68.231,69.383,69.993,70.932,71.566,72.501,74.245,75.989,76.925,77.558,78.498,79.107,80.259,82.234
372,1,74.2851,0.03483,66.29,68.266,69.419,70.029,70.969,71.603,72.54,74.285,76.03,76.967,77.601,78.541,79.151,80.304,82.281
373,1,74.325,0.03483,66.325,68.303,69.456,70.067,71.007,71.642,72.579,74.325,76.071,77.008,77.643,78.583,79.194,80.347,82.325
374,1,74.3648,0.03484,66.358,68.338,69.492,70.103,71.044,71.68,72.617,74.365,76.112,77.05,77.685,78.626,79.238,80.392,82.371
375,1,74.4045,0.03484,66.394,68.374,69.529,70.141,71.082,71.718,72.656,74.405,76.153,77.091,77.727,78.668,79.28,80.435,82.415
376,1,74.4443,0.03485,66.427,68.409,69.565,70.177,71.119,71.755,72.694,74.444,76.194,77.133,77.769,78.712,79.324,80.48,82.462
377,1,74.4839,0.03485,66.462,68.445,69.602,70.214,71.157,71.794,72.733,74.484,76.235,77.174,77.811,78.754,79.366,80.523,82.505
378,1,74.5236,0.03486,66.496,68.48,69.638,70.25,71.194,71.831,72.771,74.524,76.276,77.216,77.853,78.797,79.41,80.567,82.552
379,1,74.5632,0.03486,66.531,68.516,69.675,70.288,71.232,71.869,72.81,74.563,76.316,77.257,77.894,78.839,79.452,80.61,82.596
380,1,74.6027,0.03487,66.564,68.551,69.71,70.324,71.269,71.907,72.848,74.603,76.357,77.299,77.937,78.882,79.495,80.654,82.642
381,1,74.6422,0.03488,66.597,68.586,69.746,70.36,71.306,71.944,72.886,74.642,76.398,77.341,77.979,78.925,79.539,80.699,82.688
382,1,74.6817,0.03488,66.632,68.622,69.782,70.397,71.343,71.982,72.925,74.682,76.439,77.382,78.02,78.966,79.581,80.742,82.731
383,1,74.7211,0.03489,66.665,68.656,69.818,70.433,71.38,72.019,72.963,74.721,76.48,77.423,78.062,79.009,79.624,80.786,82.777
384,1,74.7605,0.03489,66.7,68.692,69.855,70.47,71.418,72.057,73.001,74.761,76.52,77.464,78.103,79.051,79.666,80.829,82.821
385,1,74.7998,0.0349,66.733,68.727,69.89,70.506,71.454,72.094,73.039,74.8,76.561,77.505,78.145,79.094,79.71,80.873,82.867
386,1,74.8391,0.0349,66.768,68.763,69.927,70.543,71.492,72.132,73.077,74.839,76.601,77.546,78.186,79.135,79.752,80.915,82.91
387,1,74.8784,0.03491,66.801,68.797,69.962,70.579,71.528,72.169,73.115,74.878,76.642,77.588,78.228,79.178,79.795,80.959,82.956
388,1,74.9176,0.03491,66.835,68.833,69.999,70.616,71.566,72.207,73.154,74.918,76.682,77.628,78.269,79.22,79.837,81.002,83.0
389,1,74.9567,0.03492,66.868,68.868,70.034,70.651,71.602,72.244,73.191,74.957,76.722,77.67,78.311,79.262,79.88,81.046,83.045
390,1,74.9959,0.03493,66.901,68.902,70.069,70.687,71.639,72.281,73.229,74.996,76.763,77.711,78.353,79.305,79.923,81.09,83.091
391,1,75.0349,0.03493,66.935,68.938,70.105,70.724,71.676,72.318,73.267,75.035,76.803,77.751,78.394,79.346,79.964,81.132,83.134
392,1,75.074,0.03494,66.968,68.972,70.141,70.759,71.712,72.355,73.305,75.074,76.843,77.793,78.436,79.389,80.007,81.176,83.18
393,1,75.113,0.03494,67.003,69.008,70.177,70.796,71.75,72.393,73.343,75.113,76.883,77.833,78.476,79.43,80.049,81.218,83.223
394,1,75.1519,0.03495,67.035,69.042,70.212,70.832,71.786,72.43,73.38,75.152,76.923,77.874,78.518,79.472,80.092,81.262,83.269
395,1,75.1908,0.03495,67.07,69.077,70.248,70.868,71.823,72.467,73.418,75.191,76.963,77.914,78.559,79.513,80.133,81.304,83.312
396,1,75.2297,0.03496,67.102,69.111,70.283,70.904,71.859,72.504,73.456,75.23,77.004,77.956,78.6,79.556,80.176,81.348,83.357
397,1,75.2686,0.03497,67.135,69.145,70.318,70.939,71.895,72.541,73.493,75.269,77.044,77.997,78.642,79.598,80.219,81.392,83.403
398,1,75.3073,0.03497,67.169,69.181,70.354,70.976,71.932,72.578,73.531,75.307,77.084,78.037,78.682,79.639,80.26,81.434,83.445
399,1,75.3461,0.03498,67.201,69.215,70.389,71.011,71.968,72.614,73.568,75.346,77.124,78.078,78.724,79.681,80.303,81.477,83.491
400,1,75.3848,0.03498,67.236,69.25,70.425,71.047,72.005,72.652,73.606,75.385,77.163,78.118,78.764,79.722,80.344,81.519,83.534
401,1,75.4235,0.03499,67.268,69.284,70.46,71.083,72.041,72.688,73.643,75.424,77.204,78.159,78.806,79.764,80.387,81.563,83.579
402,1,75.4621,0.035,67.3,69.318,70.495,71.118,72.077,72.725,73.681,75.462,77.244,78.2,78.847,79.806,80.43,81.606,83.624
403,1,75.5007,0.035,67.335,69.353,70.531,71.154,72.114,72.762,73.718,75.501,77.283,78.24,78.887,79.847,80.471,81.648,83.667
404,1,75.5392,0.03501,67.367,69.387,70.565,71.189,72.15,72.798,73.755,75.539,77.323,78.28,78.928,79.889,80.513,81.692,83.712
405,1,75.5777,0.03501,67.401,69.422,70.601,71.225,72.187,72.835,73.793,75.578,77.362,78.32,78.969,79.93,80.554,81.733,83.754
406,1,75.6162,0.03502,67.433,69.456,70.636,71.26,72.223,72.872,73.83,75.616,77.402,78.361,79.01,79.972,80.597,81.777,83.799
407,1,75.6546,0.03503,67.465,69.489,70.67,71.295,72.258,72.908,73.867,75.655,77.442,78.401,79.051,80.014,80.639,81.82,83.844
408,1,75.693,0.03503,67.499,69.525,70.706,71.332,72.295,72.945,73.905,75.693,77.481,78.441,79.091,80.054,80.68,81.861,83.887
409,1,75.7313,0.03504,67.531,69.558,70.74,71.366,72.331,72.981,73.941,75.731,77.521,78.482,79.132,80.096,80.722,81.905,83.932
410,1,75.7696,0.03504,67.565,69.593,70.776,71.403,72.367,73.018,73.979,75.77,77.56,78.521,79.172,80.137,80.763,81.946,83.974
411,1,75.8079,0.03505,67.597,69.627,70.811,71.437,72.403,73.054,74.016,75.808,77.6,78.562,79.213,80.178,80.805,81.989,84.019
412,1,75.8461,0.03506,67.629,69.66,70.845,71.472,72.438,73.09,74.053,75.846,77.64,78.602,79.254,80.22,80.847,82.032,84.064
413,1,75.8843,0.03506,67.663,69.695,70.88,71.508,72.475,73.127,74.09,75.884,77.679,78.642,79.294,80.26,80.888,82.074,84.106
414,1,75.9224,0.03507,67.694,69.728,70.915,71.543,72.51,73.163,74.127,75.922,77.718,78.682,79.335,80.302,80.93,82.117,84.15
415,1,75.9605,0.03507,67.728,69.763,70.95,71.579,72.547,73.2,74.164,75.961,77.757,78.721,79.374,80.342,80.971,82.158,84.193
416,1,75.9986,0.03508,67.76,69.796,70.984,71.613,72.582,73.235,74.2,75.999,77.797,78.762,79.415,80.384,81.013,82.201,84.237
417,1,76.0366,0.03509,67.791,69.83,71.018,71.648,72.617,73.271,74.237,76.037,77.836,78.802,79.456,80.425,81.055,82.244,84.282
418,1,76.0746,0.03509,67.825,69.865,71.054,71.684,72.654,73.308,74.274,76.075,77.875,78.841,79.496,80.465,81.095,82.285,84.324
419,1,76.1125,0.0351,67.857,69.898,71.088,71.718,72.689,73.344,74.311,76.113,77.914,78.881,79.536,80.507,81.137,82.327,84.368
420,1,76.1504,0.03511,67.888,69.931,71.122,71.753,72.724,73.379,74.347,76.15,77.954,78.921,79.577,80.548,81.179,82.37,84.413
421,1,76.1883,0.03511,67.922,69.965,71.157,71.788,72.76,73.416,74.384,76.188,77.993,78.961,79.616,80.588,81.219,82.411,84.455
422,1,76.2261,0.03512,67.953,69.998,71.191,71.823,72.795,73.452,74.42,76.226,78.032,79.001,79.657,80.629,81.261,82.454,84.499
423,1,76.2639,0.03512,67.987,70.033,71.226,71.858,72.831,73.488,74.457,76.264,78.07,79.04,79.696,80.669,81.301,82.495,84.541
424,1,76.3016,0.03513,68.018,70.066,71.26,71.893,72.866,73.523,74.494,76.302,78.11,79.08,79.737,80.711,81.343,82.537,84.585
425,1,76.3393,0.03514,68.05,70.099,71.294,71.927,72.901,73.559,74.53,76.339,78.149,79.12,79.777,80.752,81.385,82.58,84.629
426,1,76.377,0.03514,68.083,70.133,71.329,71.962,72.937,73.595,74.567,76.377,78.187,79.159,79.817,80.792,81.425,82.621,84.671
427,1,76.4146,0.03515,68.114,70.166,71.363,71.997,72.972,73.631,74.603,76.415,78.226,79.198,79.857,80.833,81.466,82.663,84.715
428,1,76.4522,0.03516,68.145,70.199,71.397,72.031,73.007,73.666,74.639,76.452,78.265,79.238,79.897,80.874,81.508,82.706,84.759
429,1,76.4897,0.03516,68.179,70.233,71.432,72.066,73.043,73.702,74.676,76.49,78.304,79.277,79.936,80.913,81.548,82.746,84.801
430,1,76.5272,0.03517,68.21,70.266,71.465,72.1,73.078,73.738,74.712,76.527,78.343,79.317,79.976,80.954,81.589,82.788,84.844
431,1,76.5647,0.03518,68.241,70.299,71.499,72.134,73.113,73.773,74.748,76.565,78.381,79.356,80.017,80.995,81.631,82.831,84.888
432,1,76.6021,0.03518,68.274,70.333,71.534,72.169,73.148,73.809,74.784,76.602,78.42,79.395,80.056,81.035,81.671,82.871,84.93
433,1,76.6395,0.03519,68.305,70.365,71.567,72.203,73.183,73.844,74.82,76.64,78.459,79.435,80.096,81.076,81.712,82.914,84.974
434,1,76.6769,0.03519,68.339,70.4,71.602,72.239,73.219,73.88,74.857,76.677,78.497,79.473,80.135,81.115,81.752,82.954,85.015
435,1,76.7142,0.0352,68.37,70.432,71.635,72.273,73.254,73.915,74.893,76.714,78.536,79.513,80.175,81.156,81.793,82.996,85.059
436,1,76.7515,0.03521,68.4,70.465,71.669,72.306,73.288,73.951,74.929,76.752,78.574,79.552,80.215,81.197,81.834,83.038,85.103
437,1,76.7887,0.03521,68.434,70.499,71.704,72.341,73.324,73.986,74.965,76.789,78.612,79.591,80.254,81.236,81.874,83.079,85.144
438,1,76.8259,0.03522,68.464,70.531,71.737,72.375,73.358,74.022,75.001,76.826,78.651,79.63,80.294,81.277,81.915,83.121,85.187
439,1,76.8631,0.03523,68.495,70.564,71.77,72.409,73.393,74.057,75.037,76.863,78.69,79.67,80.333,81.317,81.956,83.163,85.231
440,1,76.9002,0.03523,68.528,70.598,71.805,72.444,73.428,74.092,75.073,76.9,78.728,79.708,80.372,81.356,81.996,83.203,85.272
441,1,76.9373,0.03524,68.559,70.63,71.838,72.478,73.463,74.127,75.109,76.937,78.766,79.747,80.412,81.397,82.037,83.245,85.316
442,1,76.9744,0.03525,68.59,70.662,71.871,72.511,73.497,74.162,75.144,76.974,78.805,79.787,80.452,81.437,82.078,83.287,85.359
443,1,77.0114,0.03525,68.622,70.696,71.906,72.546,73.532,74.198,75.18,77.011,78.842,79.825,80.49,81.477,82.117,83.327,85.4
444,1,77.0484,0.03526,68.653,70.728,71.939,72.58,73.567,74.233,75.216,77.048,78.881,79.864,80.53,81.517,82.158,83.368,85.444
445,1,77.0853,0.03527,68.684,70.76,71.972,72.613,73.601,74.267,75.251,77.085,78.919,79.903,80.57,81.557,82.199,83.41,85.487
446,1,77.1222,0.03527,68.716,70.794,72.006,72.648,73.636,74.303,75.288,77.122,78.957,79.941,80.608,81.596,82.238,83.45,85.528
447,1,77.1591,0.03528,68.747,70.826,72.039,72.682,73.67,74.338,75.323,77.159,78.995,79.98,80.648,81.637,82.279,83.492,85.571
448,1,77.1959,0.03529,68.777,70.858,72.072,72.715,73.705,74.372,75.358,77.196,79.033,80.019,80.687,81.677,82.32,83.533,85.614
449,1,77.2327,0.03529,68.81,70.892,72.107,72.75,73.74,74.408,75.394,77.233,79.071,80.058,80.726,81.716,82.359,83.573,85.655
450,1,77.2695,0.0353,68.841,70.924,72.139,72.783,73.774,74.443,75.43,77.27,79.109,80.096,80.765,81.756,82.4,83.615,85.698
451,1,77.3062,0.0353,68.873,70.958,72.174,72.818,73.809,74.478,75.466,77.306,79.147,80.135,80.803,81.795,82.439,83.655,85.739
452,1,77.3429,0.03531,68.904,70.99,72.206,72.851,73.843,74.512,75.501,77.343,79.185,80.173,80.843,81.835,82.479,83.696,85.782
453,1,77.3796,0.03532,68.934,71.022,72.239,72.884,73.877,74.547,75.536,77.38,79.223,80.212,80.882,81.875,82.52,83.738,85.825
454,1,77.4162,0.03532,68.966,71.055,72.273,72.919,73.912,74.582,75.572,77.416,79.26,80.25,80.92,81.914,82.559,83.777,85.866
455,1,77.4528,0.03533,68.997,71.087,72.306,72.952,73.946,74.617,75.607,77.453,79.298,80.289,80.96,81.954,82.599,83.819,85.909
456,1,77.4893,0.03534,69.027,71.119,72.339,72.985,73.98,74.651,75.642,77.489,79.336,80.328,80.999,81.994,82.64,83.86,85.952
457,1,77.5258,0.03534,69.059,71.152,72.373,73.019,74.015,74.686,75.678,77.526,79.374,80.365,81.037,82.032,82.679,83.899,85.992
458,1,77.5623,0.03535,69.089,71.184,72.405,73.052,74.049,74.721,75.713,77.562,79.412,80.404,81.076,82.072,82.719,83.941,86.035
459,1,77.5988,0.03536,69.12,71.216,72.438,73.085,74.082,74.755,75.748,77.599,79.45,80.443,81.115,82.112,82.759,83.982,86.078
460,1,77.6352,0.03536,69.152,71.249,72.472,73.12,74.117,74.79,75.784,77.635,79.487,80.48,81.153,82.151,82.798,84.021,86.118
461,1,77.6716,0.03537,69.182,71.281,72.505,73.153,74.151,74.824,75.819,77.672,79.525,80.519,81.192,82.19,82.839,84.063,86.161
462,1,77.7079,0.03538,69.212,71.312,72.537,73.186,74.185,74.858,75.854,77.708,79.562,80.557,81.231,82.23,82.879,84.104,86.204
463,1,77.7442,0.03538,69.244,71.345,72.571,73.22,74.219,74.893,75.889,77.744,79.599,80.595,81.269,82.269,82.917,84.143,86.244
464,1,77.7805,0.03539,69.274,71.377,72.603,73.253,74.253,74.928,75.924,77.781,79.637,80.633,81.308,82.308,82.958,84.184,86.287
465,1,77.8167,0.0354,69.304,71.408,72.636,73.286,74.286,74.962,75.959,77.817,79.675,80.672,81.347,82.348,82.998,84.225,86.329
466,1,77.8529,0.0354,69.336,71.442,72.669,73.32,74.321,74.996,75.994,77.853,79.712,80.709,81.385,82.386,83.036,84.264,86.37
467,1,77.8891,0.03541,69.366,71.473,72.702,73.353,74.355,75.031,76.029,77.889,79.749,80.748,81.424,82.426,83.076,84.305,86.412
468,1,77.9252,0.03542,69.396,71.504,72.734,73.385,74.388,75.065,76.064,77.925,79.787,80.786,81.462,82.465,83.116,84.346,86.455
469,1,77.9613,0.03543,69.426,71.536,72.766,73.418,74.421,75.098,76.098,77.961,79.824,80.824,81.501,82.505,83.156,84.387,86.497
470,1,77.9974,0.03543,69.458,71.569,72.8,73.452,74.456,75.133,76.133,77.997,79.861,80.862,81.539,82.543,83.195,84.426,86.537
471,1,78.0334,0.03544,69.487,71.6,72.832,73.485,74.489,75.167,76.168,78.033,79.899,80.9,81.578,82.582,83.235,84.467,86.579
472,1,78.0694,0.03545,69.517,71.631,72.864,73.517,74.523,75.201,76.203,78.069,79.936,80.938,81.616,82.622,83.275,84.508,86.622
473,1,78.1054,0.03545,69.549,71.664,72.898,73.551,74.557,75.236,76.238,78.105,79.973,80.975,81.654,82.66,83.313,84.547,86.662
474,1,78.1413,0.03546,69.579,71.695,72.93,73.584,74.59,75.269,76.272,78.141,80.01,81.013,81.692,82.699,83.353,84.587,86.704
475,1,78.1772,0.03547,69.608,71.726,72.962,73.616,74.624,75.303,76.307,78.177,80.048,81.051,81.731,82.738,83.393,84.628,86.746
476,1,78.2131,0.03547,69.64,71.759,72.995,73.65,74.658,75.338,76.342,78.213,80.084,81.088,81.768,82.776,83.431,84.667,86.786
477,1,78.249,0.03548,69.67,71.79,73.027,73.682,74.691,75.372,76.376,78.249,80.122,81.126,81.807,82.816,83.471,84.708,86.828
478,1,78.2848,0.03549,69.699,71.821,73.059,73.715,74.724,75.405,76.411,78.285,80.159,81.164,81.845,82.855,83.51,84.748,86.87
479,1,78.3205,0.03549,69.731,71.854,73.093,73.748,74.758,75.44,76.446,78.321,80.195,81.201,81.883,82.893,83.548,84.787,86.91
480,1,78.3563,0.0355,69.76,71.885,73.125,73.781,74.791,75.473,76.48,78.356,80.232,81.239,81.921,82.932,83.588,84.827,86.952
481,1,78.392,0.03551,69.79,71.916,73.156,73.813,74.825,75.507,76.514,78.392,80.27,81.277,81.959,82.971,83.628,84.868,86.994
482,1,78.4276,0.03551,69.821,71.949,73.19,73.847,74.859,75.541,76.549,78.428,80.306,81.314,81.997,83.008,83.666,84.906,87.034
483,1,78.4633,0.03552,69.851,71.98,73.221,73.879,74.892,75.575,76.583,78.463,80.343,81.352,82.035,83.048,83.705,84.947,87.076
484,1,78.4989,0.03553,69.88,72.011,73.253,73.911,74.925,75.608,76.618,78.499,80.38,81.39,82.073,83.087,83.745,84.987,87.118
485,1,78.5345,0.03553,69.912,72.043,73.286,73.945,74.959,75.643,76.652,78.535,80.417,81.426,82.11,83.124,83.783,85.026,87.157
486,1,78.57,0.03554,69.941,72.074,73.318,73.977,74.991,75.676,76.687,78.57,80.453,81.464,82.149,83.163,83.822,85.066,87.199
487,1,78.6055,0.03555,69.97,72.105,73.35,74.009,75.024,75.709,76.721,78.606,80.49,81.502,82.187,83.202,83.861,85.106,87.241
488,1,78.641,0.03556,69.999,72.135,73.381,74.041,75.057,75.743,76.755,78.641,80.527,81.539,82.225,83.241,83.901,85.147,87.283
489,1,78.6764,0.03556,70.031,72.168,73.414,74.075,75.091,75.777,76.789,78.676,80.563,81.576,82.262,83.278,83.938,85.185,87.322
490,1,78.7118,0.03557,70.06,72.199,73.446,74.107,75.124,75.81,76.823,78.712,80.6,81.614,82.3,83.317,83.978,85.225,87.364
491,1,78.7472,0.03558,70.089,72.229,73.478,74.139,75.157,75.843,76.857,78.747,80.637,81.651,82.338,83.356,84.017,85.265,87.405
492,1,78.7826,0.03558,70.12,72.262,73.511,74.172,75.19,75.877,76.892,78.783,80.673,81.688,82.375,83.393,84.055,85.304,87.445
493,1,78.8179,0.03559,70.149,72.292,73.542,74.204,75.223,75.911,76.926,78.818,80.71,81.725,82.413,83.432,84.094,85.344,87.486
494,1,78.8532,0.0356,70.178,72.323,73.573,74.236,75.256,75.944,76.96,78.853,80.747,81.763,82.451,83.471,84.133,85.384,87.528
495,1,78.8884,0.0356,70.21,72.355,73.606,74.269,75.289,75.978,76.994,78.888,80.783,81.799,82.488,83.508,84.17,85.422,87.567
496,1,78.9236,0.03561,70.239,72.385,73.638,74.301,75.322,76.011,77.028,78.924,80.819,81.836,82.525,83.546,84.21,85.462,87.609
497,1,78.9588,0.03562,70.267,72.416,73.669,74.333,75.354,76.044,77.062,78.959,80.856,81.874,82.563,83.585,84.249,85.502,87.65
498,1,78.994,0.03562,70.299,72.448,73.702,74.366,75.388,76.078,77.096,78.994,80.892,81.91,82.6,83.622,84.286,85.54,87.689
499,1,79.0291,0.03563,70.328,72.479,73.733,74.398,75.42,76.111,77.13,79.029,80.928,81.947,82.638,83.661,84.325,85.58,87.731
500,1,79.0642,0.03564,70.356,72.509,73.764,74.429,75.453,76.144,77.164,79.064,80.965,81.985,82.675,83.699,84.364,85.619,87.772
501,1,79.0993,0.03565,70.385,72.539,73.796,74.461,75.485,76.177,77.197,79.099,81.001,82.022,82.713,83.738,84.403,85.659,87.813
502,1,79.1343,0.03565,70.416,72.571,73.828,74.494,75.519,76.21,77.231,79.134,81.037,82.058,82.75,83.775,84.44,85.697,87.852
503,1,79.1693,0.03566,70.445,72.602,73.859,74.526,75.551,76.243,77.265,79.169,81.074,82.095,82.787,83.813,84.479,85.737,87.894
504,1,79.2042,0.03567,70.474,72.632,73.891,74.557,75.584,76.276,77.299,79.204,81.11,82.132,82.825,83.851,84.518,85.777,87.935
505,1,79.2392,0.03567,70.505,72.664,73.923,74.59,75.617,76.31,77.333,79.239,81.146,82.169,82.861,83.888,84.555,85.815,87.974
506,1,79.2741,0.03568,70.533,72.694,73.954,74.622,75.649,76.343,77.366,79.274,81.182,82.206,82.899,83.927,84.594,85.854,88.015
507,1,79.3089,0.03569,70.562,72.724,73.985,74.653,75.681,76.375,77.4,79.309,81.218,82.243,82.936,83.965,84.633,85.894,88.056
508,1,79.3438,0.03569,70.593,72.756,74.018,74.686,75.715,76.409,77.434,79.344,81.254,82.279,82.973,84.002,84.67,85.932,88.095
509,1,79.3786,0.0357,70.621,72.786,74.049,74.717,75.747,76.442,77.467,79.379,81.29,82.316,83.01,84.04,84.708,85.971,88.136
510,1,79.4134,0.03571,70.65,72.816,74.08,74.749,75.779,76.474,77.501,79.413,81.326,82.353,83.048,84.078,84.747,86.011,88.177
511,1,79.4481,0.03572,70.678,72.846,74.111,74.78,75.811,76.507,77.534,79.448,81.362,82.389,83.085,84.116,84.786,86.05,88.218
512,1,79.4828,0.03572,70.709,72.878,74.143,74.813,75.844,76.54,77.568,79.483,81.398,82.425,83.121,84.153,84.823,86.088,88.256
513,1,79.5175,0.03573,70.738,72.908,74.174,74.844,75.876,76.573,77.601,79.518,81.434,82.462,83.159,84.191,84.861,86.127,88.297
514,1,79.5521,0.03574,70.766,72.938,74.205,74.875,75.908,76.605,77.634,79.552,81.47,82.499,83.196,84.229,84.9,86.166,88.338
515,1,79.5868,0.03574,70.797,72.97,74.237,74.908,75.942,76.639,77.668,79.587,81.505,82.535,83.232,84.265,84.937,86.204,88.377
516,1,79.6213,0.03575,70.825,72.999,74.268,74.939,75.973,76.671,77.701,79.621,81.541,82.571,83.269,84.303,84.975,86.243,88.418
517,1,79.6559,0.03576,70.853,73.029,74.298,74.971,76.005,76.704,77.735,79.656,81.577,82.608,83.306,84.341,85.013,86.282,88.458
518,1,79.6904,0.03577,70.882,73.059,74.329,75.002,76.037,76.736,77.768,79.69,81.613,82.645,83.343,84.379,85.052,86.322,88.499
519,1,79.7249,0.03577,70.912,73.091,74.361,75.034,76.07,76.769,77.801,79.725,81.648,82.681,83.38,84.416,85.088,86.359,88.537
520,1,79.7594,0.03578,70.941,73.12,74.392,75.065,76.102,76.802,77.835,79.759,81.684,82.717,83.417,84.453,85.127,86.398,88.578
521,1,79.7938,0.03579,70.969,73.15,74.423,75.096,76.134,76.834,77.868,79.794,81.72,82.754,83.454,84.491,85.165,86.437,88.619
522,1,79.8282,0.03579,70.999,73.182,74.455,75.129,76.167,76.867,77.901,79.828,81.755,82.789,83.49,84.528,85.202,86.475,88.657
523,1,79.8626,0.0358,71.027,73.211,74.485,75.16,76.199,76.899,77.934,79.863,81.791,82.826,83.527,84.565,85.24,86.514,88.698
524,1,79.8969,0.03581,71.055,73.241,74.516,75.191,76.23,76.932,77.967,79.897,81.827,82.862,83.564,84.603,85.278,86.553,88.738
525,1,79.9312,0.03582,71.083,73.271,74.546,75.222,76.262,76.964,78.0,79.931,81.862,82.899,83.6,84.641,85.316,86.592,88.779
526,1,79.9655,0.03582,71.114,73.302,74.578,75.254,76.295,76.997,78.034,79.966,81.897,82.934,83.636,84.677,85.353,86.629,88.817
527,1,79.9998,0.03583,71.142,73.332,74.609,75.285,76.326,77.029,78.066,80.0,81.933,82.971,83.673,84.715,85.391,86.668,88.858
528,1,80.034,0.03584,71.17,73.361,74.639,75.316,76.358,77.061,78.099,80.034,81.969,83.007,83.71,84.752,85.429,86.707,88.898
529,1,80.0682,0.03584,71.2,73.392,74.671,75.348,76.391,77.094,78.133,80.068,82.004,83.042,83.746,84.788,85.465,86.744,88.936
530,1,80.1023,0.03585,71.228,73.422,74.701,75.379,76.422,77.126,78.165,80.102,82.039,83.079,83.782,84.826,85.503,86.783,88.976
531,1,80.1365,0.03586,71.256,73.451,74.732,75.41,76.454,77.158,78.198,80.137,82.075,83.115,83.819,84.863,85.541,86.822,89.017
532,1,80.1706,0.03587,71.284,73.481,74.762,75.44,76.485,77.19,78.231,80.171,82.11,83.151,83.856,84.901,85.579,86.861,89.057
533,1,80.2046,0.03587,71.314,73.512,74.794,75.472,76.518,77.223,78.264,80.205,82.145,83.186,83.892,84.937,85.616,86.897,89.095
534,1,80.2387,0.03588,71.342,73.541,74.824,75.503,76.549,77.255,78.297,80.239,82.181,83.223,83.928,84.974,85.653,86.936,89.135
535,1,80.2727,0.03589,71.37,73.571,74.854,75.534,76.581,77.287,78.33,80.273,82.216,83.259,83.965,85.012,85.691,86.975,89.176
536,1,80.3067,0.03589,71.4,73.602,74.886,75.566,76.613,77.319,78.363,80.307,82.251,83.294,84.0,85.048,85.728,87.012,89.213
537,1,80.3406,0.0359,71.428,73.631,74.916,75.596,76.644,77.351,78.395,80.341,82.286,83.33,84.037,85.085,85.765,87.05,89.254
538,1,80.3745,0.03591,71.455,73.66,74.946,75.627,76.676,77.383,78.428,80.375,82.321,83.366,84.073,85.122,85.803,87.089,89.294
539,1,80.4084,0.03592,71.483,73.689,74.976,75.658,76.707,77.415,78.46,80.408,82.357,83.402,84.11,85.159,85.841,87.128,89.334
540,1,80.4423,0.03592,71.513,73.72,75.008,75.69,76.739,77.448,78.493,80.442,82.391,83.437,84.145,85.195,85.877,87.164,89.371
541,1,80.4761,0.03593,71.541,73.749,75.038,75.72,76.77,77.479,78.526,80.476,82.426,83.473,84.182,85.232,85.914,87.203,89.412
542,1,80.5099,0.03594,71.568,73.779,75.068,75.75,76.802,77.511,78.558,80.51,82.462,83.509,84.218,85.269,85.952,87.241,89.452
543,1,80.5437,0.03594,71.598,73.81,75.099,75.782,76.834,77.543,78.591,80.544,82.496,83.544,84.253,85.305,85.988,87.278,89.489
544,1,80.5774,0.03595,71.626,73.839,75.129,75.813,76.865,77.575,78.624,80.577,82.531,83.58,84.29,85.342,86.026,87.316,89.529
545,1,80.6112,0.03596,71.653,73.868,75.159,75.843,76.896,77.607,78.656,80.611,82.566,83.616,84.326,85.379,86.063,87.355,89.569
546,1,80.6448,0.03597,71.681,73.897,75.189,75.873,76.927,77.638,78.688,80.645,82.601,83.651,84.362,85.416,86.101,87.393,89.609
547,1,80.6785,0.03597,71.711,73.927,75.22,75.905,76.959,77.671,78.721,80.679,82.636,83.686,84.398,85.452,86.137,87.43,89.646
548,1,80.7121,0.03598,71.738,73.956,75.25,75.935,76.99,77.702,78.753,80.712,82.671,83.722,84.434,85.489,86.174,87.468,89.686
549,1,80.7457,0.03599,71.765,73.985,75.28,75.966,77.021,77.734,78.786,80.746,82.706,83.758,84.47,85.526,86.211,87.506,89.726
550,1,80.7793,0.036,71.793,74.014,75.31,75.996,77.052,77.765,78.818,80.779,82.741,83.793,84.506,85.563,86.249,87.544,89.766
551,1,80.8128,0.036,71.823,74.045,75.341,76.027,77.084,77.798,78.851,80.813,82.775,83.828,84.541,85.598,86.285,87.581,89.803
552,1,80.8464,0.03601,71.85,74.074,75.371,76.058,77.115,77.829,78.883,80.846,82.81,83.864,84.577,85.635,86.322,87.619,89.843
553,1,80.8798,0.03602,71.877,74.102,75.401,76.088,77.146,77.86,78.915,80.88,82.845,83.899,84.613,85.672,86.359,87.657,89.883
554,1,80.9133,0.03602,71.907,74.133,75.432,76.119,77.178,77.893,78.948,80.913,82.879,83.934,84.648,85.707,86.395,87.693,89.92
555,1,80.9467,0.03603,71.934,74.162,75.461,76.149,77.209,77.924,78.98,80.947,82.914,83.969,84.684,85.744,86.432,87.732,89.959
556,1,80.9801,0.03604,71.961,74.191,75.491,76.18,77.24,77.955,79.012,80.98,82.949,84.005,84.72,85.781,86.469,87.77,89.999
557,1,81.0135,0.03605,71.988,74.219,75.521,76.21,77.271,77.987,79.044,81.014,82.983,84.04,84.756,85.817,86.506,87.808,90.039
558,1,81.0468,0.03605,72.018,74.25,75.552,76.241,77.302,78.019,79.076,81.047,83.017,84.075,84.791,85.853,86.542,87.844,90.076
559,1,81.0802,0.03606,72.045,74.279,75.581,76.271,77.333,78.05,79.108,81.08,83.052,84.11,84.827,85.889,86.579,87.882,90.115
560,1,81.1134,0.03607,72.072,74.307,75.611,76.301,77.364,78.081,79.14,81.113,83.087,84.146,84.863,85.926,86.616,87.92,90.155
561,1,81.1467,0.03608,72.099,74.336,75.64,76.331,77.395,78.112,79.172,81.147,83.121,84.181,84.899,85.962,86.653,87.958,90.194
562,1,81.1799,0.03608,72.129,74.366,75.671,76.362,77.426,78.144,79.204,81.18,83.155,84.216,84.934,85.998,86.689,87.994,90.231
563,1,81.2131,0.03609,72.156,74.395,75.701,76.392,77.457,78.175,79.236,81.213,83.19,84.251,84.969,86.034,86.726,88.032,90.271
564,1,81.2463,0.0361,72.183,74.423,75.73,76.422,77.488,78.206,79.268,81.246,83.225,84.286,85.005,86.071,86.763,88.069,90.31
565,1,81.2795,0.03611,72.21,74.452,75.759,76.452,77.518,78.238,79.3,81.28,83.259,84.321,85.041,86.107,86.8,88.107,90.349
566,1,81.3126,0.03611,72.239,74.482,75.79,76.483,77.55,78.269,79.332,81.313,83.293,84.356,85.075,86.142,86.835,88.143,90.386
567,1,81.3457,0.03612,72.266,74.51,75.82,76.513,77.58,78.3,79.364,81.346,83.327,84.391,85.111,86.179,86.872,88.181,90.425
568,1,81.3788,0.03613,72.293,74.539,75.849,76.543,77.611,78.331,79.396,81.379,83.362,84.426,85.147,86.215,86.909,88.219,90.465
569,1,81.4118,0.03613,72.322,74.569,75.88,76.574,77.642,78.363,79.428,81.412,83.396,84.46,85.181,86.25,86.944,88.255,90.501
570,1,81.4448,0.03614,72.349,74.597,75.909,76.603,77.673,78.394,79.459,81.445,83.43,84.495,85.217,86.286,86.981,88.292,90.541
571,1,81.4778,0.03615,72.376,74.626,75.938,76.633,77.703,78.425,79.491,81.478,83.464,84.531,85.253,86.323,87.018,88.33,90.58
572,1,81.5108,0.03616,72.403,74.654,75.967,76.663,77.734,78.456,79.523,81.511,83.499,84.566,85.288,86.359,87.054,88.368,90.619
573,1,81.5437,0.03616,72.432,74.684,75.998,76.694,77.765,78.488,79.555,81.544,83.533,84.6,85.323,86.394,87.089,88.403,90.656
574,1,81.5766,0.03617,72.458,74.712,76.027,76.723,77.795,78.518,79.586,81.577,83.567,84.635,85.358,86.43,87.126,88.441,90.695
575,1,81.6095,0.03618,72.485,74.741,76.056,76.753,77.826,78.549,79.618,81.61,83.601,84.67,85.393,86.466,87.163,88.478,90.734
576,1,81.6423,0.03619,72.512,74.769,76.085,76.782,77.856,78.58,79.649,81.642,83.635,84.705,85.429,86.502,87.199,88.516,90.773
577,1,81.6752,0.03619,72.541,74.799,76.116,76.813,77.887,78.612,79.682,81.675,83.669,84.739,85.463,86.537,87.234,88.551,90.809
578,1,81.708,0.0362,72.568,74.827,76.145,76.843,77.917,78.642,79.713,81.708,83.703,84.774,85.499,86.573,87.271,88.589,90.848
579,1,81.7407,0.03621,72.594,74.855,76.174,76.872,77.948,78.673,79.744,81.741,83.737,84.808,85.534,86.609,87.308,88.626,90.887
580,1,81.7735,0.03622,72.621,74.883,76.203,76.902,77.978,78.704,79.776,81.774,83.771,84.843,85.569,86.645,87.344,88.664,90.926
581,1,81.8062,0.03622,72.65,74.913,76.233,76.932,78.009,78.735,79.808,81.806,83.805,84.877,85.603,86.68,87.379,88.699,90.963
582,1,81.8389,0.03623,72.676,74.941,76.262,76.962,78.039,78.766,79.839,81.839,83.839,84.912,85.639,86.716,87.415,88.737,91.002
583,1,81.8715,0.03624,72.703,74.969,76.291,76.991,78.069,78.796,79.87,81.872,83.873,84.947,85.674,86.752,87.452,88.774,91.04
584,1,81.9042,0.03624,72.732,74.999,76.322,77.022,78.1,78.828,79.902,81.904,83.906,84.981,85.708,86.786,87.487,88.809,91.077
585,1,81.9368,0.03625,72.758,75.027,76.35,77.051,78.13,78.858,79.933,81.937,83.94,85.015,85.743,86.822,87.523,88.847,91.115
586,1,81.9694,0.03626,72.785,75.055,76.379,77.081,78.16,78.889,79.965,81.969,83.974,85.05,85.778,86.858,87.56,88.884,91.154
587,1,82.0019,0.03627,72.811,75.083,76.408,77.11,78.19,78.919,79.996,82.002,84.008,85.084,85.814,86.894,87.596,88.921,91.193
588,1,82.0345,0.03627,72.84,75.113,76.438,77.14,78.221,78.951,80.028,82.035,84.041,85.118,85.848,86.929,87.631,88.956,91.229
589,1,82.067,0.03628,72.866,75.141,76.467,77.17,78.251,78.981,80.059,82.067,84.075,85.153,85.883,86.964,87.667,88.993,91.268
590,1,82.0994,0.03629,72.892,75.168,76.496,77.199,78.281,79.011,80.09,82.099,84.109,85.187,85.918,87.0,87.703,89.03,91.306
591,1,82.1319,0.0363,72.919,75.196,76.525,77.228,78.311,79.042,80.121,82.132,84.143,85.222,85.953,87.036,87.739,89.068,91.345
592,1,82.1643,0.0363,72.947,75.226,76.555,77.258,78.342,79.073,80.153,82.164,84.176,85.256,85.987,87.07,87.774,89.103,91.381
593,1,82.1967,0.03631,72.974,75.254,76.583,77.288,78.372,79.103,80.184,82.197,84.21,85.29,86.022,87.106,87.81,89.14,91.42
594,1,82.2291,0.03632,73.0,75.281,76.612,77.317,78.402,79.134,80.215,82.229,84.244,85.324,86.057,87.142,87.846,89.177,91.458
595,1,82.2614,0.03633,73.026,75.309,76.641,77.346,78.431,79.164,80.246,82.261,84.277,85.359,86.091,87.177,87.882,89.214,91.497
596,1,82.2938,0.03633,73.055,75.339,76.671,77.376,78.462,79.195,80.277,82.294,84.31,85.392,86.125,87.211,87.917,89.249,91.533
597,1,82.3261,0.03634,73.081,75.366,76.699,77.405,78.492,79.225,80.308,82.326,84.344,85.427,86.16,87.247,87.953,89.286,91.571
598,1,82.3583,0.03635,73.107,75.394,76.728,77.434,78.522,79.256,80.339,82.358,84.378,85.461,86.195,87.283,87.989,89.323,91.61
599,1,82.3906,0.03636,73.133,75.422,76.756,77.463,78.551,79.286,80.37,82.391,84.411,85.495,86.23,87.318,88.025,89.36,91.648
600,1,82.4228,0.03636,73.162,75.451,76.786,77.493,78.582,79.317,80.401,82.423,84.444,85.529,86.263,87.352,88.059,89.395,91.684
601,1,82.455,0.03637,73.188,75.479,76.815,77.522,78.612,79.347,80.432,82.455,84.478,85.563,86.298,87.388,88.095,89.431,91.722
602,1,82.4872,0.03638,73.214,75.506,76.843,77.551,78.641,79.377,80.463,82.487,84.511,85.597,86.333,87.423,88.131,89.468,91.761
603,1,82.5193,0.03639,73.24,75.534,76.872,77.58,78.671,79.407,80.494,82.519,84.545,85.632,86.368,87.459,88.167,89.505,91.799
604,1,82.5514,0.03639,73.268,75.563,76.901,77.61,78.702,79.438,80.525,82.551,84.578,85.665,86.401,87.493,88.201,89.54,91.835
605,1,82.5835,0.0364,73.294,75.59,76.93,77.639,78.731,79.468,80.556,82.584,84.611,85.699,86.436,87.528,88.237,89.577,91.873
606,1,82.6156,0.03641,73.32,75.618,76.958,77.668,78.761,79.498,80.587,82.616,84.644,85.733,86.471,87.563,88.273,89.613,91.911
607,1,82.6476,0.03642,73.346,75.645,76.986,77.697,78.79,79.528,80.617,82.648,84.678,85.767,86.505,87.599,88.309,89.65,91.949
608,1,82.6796,0.03642,73.374,75.675,77.016,77.727,78.821,79.559,80.649,82.68,84.711,85.8,86.539,87.633,88.343,89.685,91.985
609,1,82.7116,0.03643,73.4,75.702,77.044,77.755,78.85,79.589,80.679,82.712,84.744,85.835,86.573,87.668,88.379,89.721,92.023
610,1,82.7436,0.03644,73.426,75.729,77.073,77.784,78.879,79.619,80.71,82.744,84.777,85.869,86.608,87.703,88.415,89.758,92.061
611,1,82.7755,0.03645,73.452,75.757,77.101,77.813,78.909,79.648,80.74,82.776,84.811,85.903,86.642,87.738,88.45,89.794,92.099
612,1,82.8074,0.03645,73.48,75.786,77.131,77.843,78.939,79.679,80.772,82.807,84.843,85.936,86.676,87.772,88.484,89.829,92.135
613,1,82.8393,0.03646,73.506,75.813,77.159,77.871,78.969,79.709,80.802,82.839,84.876,85.97,86.71,87.807,88.52,89.866,92.173
614,1,82.8712,0.03647,73.532,75.84,77.187,77.9,78.998,79.739,80.833,82.871,84.91,86.004,86.744,87.842,88.556,89.902,92.211
615,1,82.903,0.03648,73.557,75.867,77.215,77.928,79.027,79.769,80.863,82.903,84.943,86.037,86.779,87.878,88.591,89.939,92.249
616,1,82.9348,0.03648,73.585,75.897,77.245,77.958,79.058,79.799,80.894,82.935,84.975,86.07,86.812,87.911,88.625,89.973,92.284
617,1,82.9666,0.03649,73.611,75.924,77.273,77.987,79.087,79.829,80.925,82.967,85.009,86.104,86.846,87.946,88.661,90.01,92.322
618,1,82.9984,0.0365,73.637,75.951,77.301,78.015,79.116,79.859,80.955,82.998,85.042,86.138,86.881,87.981,88.696,90.046,92.36
619,1,83.0301,0.0365,73.665,75.98,77.33,78.045,79.146,79.889,80.986,83.03,85.074,86.171,86.914,88.015,88.73,90.08,92.395
620,1,83.0618,0.03651,73.69,76.007,77.358,78.074,79.175,79.919,81.016,83.062,85.107,86.205,86.948,88.05,88.765,90.117,92.433
621,1,83.0935,0.03652,73.716,76.034,77.386,78.102,79.205,79.948,81.047,83.094,85.14,86.239,86.982,88.085,88.801,90.153,92.471
622,1,83.1251,0.03653,73.741,76.061,77.414,78.13,79.234,79.978,81.077,83.125,85.173,86.272,87.017,88.12,88.836,90.189,92.509
623,1,83.1568,0.03653,73.77,76.09,77.443,78.16,79.264,80.008,81.108,83.157,85.206,86.305,87.05,88.153,88.87,90.224,92.544
624,1,83.1884,0.03654,73.795,76.117,77.471,78.189,79.293,80.038,81.138,83.188,85.239,86.339,87.084,88.188,88.905,90.26,92.582
625,1,83.22,0.03655,73.82,76.144,77.499,78.217,79.322,80.067,81.168,83.22,85.272,86.373,87.118,88.223,88.941,90.296,92.62
626,1,83.2515,0.03656,73.846,76.171,77.527,78.245,79.351,80.097,81.199,83.252,85.304,86.406,87.152,88.258,88.976,90.332,92.657
627,1,83.2831,0.03656,73.874,76.2,77.556,78.275,79.381,80.127,81.229,83.283,85.337,86.439,87.185,88.291,89.01,90.366,92.692
628,1,83.3146,0.03657,73.899,76.227,77.584,78.303,79.41,80.157,81.26,83.315,85.37,86.472,87.219,88.326,89.045,90.403,92.73
629,1,83.3461,0.03658,73.925,76.254,77.612,78.331,79.439,80.186,81.29,83.346,85.402,86.506,87.253,88.361,89.08,90.439,92.768
630,1,83.3775,0.03659,73.95,76.28,77.64,78.359,79.468,80.216,81.32,83.378,85.435,86.539,87.287,88.396,89.115,90.475,92.805
631,1,83.4089,0.03659,73.978,76.309,77.669,78.389,79.498,80.246,81.35,83.409,85.467,86.572,87.32,88.429,89.149,90.509,92.84
632,1,83.4403,0.0366,74.003,76.336,77.697,78.417,79.527,80.275,81.38,83.44,85.5,86.605,87.354,88.464,89.184,90.545,92.878
633,1,83.4717,0.03661,74.028,76.363,77.724,78.445,79.555,80.304,81.411,83.472,85.533,86.639,87.388,88.498,89.219,90.581,92.915
634,1,83.5031,0.03662,74.054,76.389,77.752,78.473,79.584,80.334,81.441,83.503,85.566,86.672,87.422,88.533,89.254,90.617,92.953
635,1,83.5344,0.03662,74.081,76.418,77.781,78.503,79.614,80.364,81.471,83.534,85.598,86.705,87.455,88.566,89.288,90.651,92.988
636,1,83.5657,0.03663,74.106,76.445,77.809,78.531,79.643,80.393,81.501,83.566,85.63,86.738,87.489,88.601,89.323,90.687,93.025
637,1,83.597,0.03664,74.132,76.471,77.836,78.559,79.672,80.422,81.531,83.597,85.663,86.772,87.522,88.635,89.358,90.723,93.062
638,1,83.6283,0.03665,74.157,76.498,77.864,78.587,79.7,80.452,81.561,83.628,85.696,86.805,87.556,88.67,89.393,90.759,93.1
639,1,83.6595,0.03665,74.184,76.527,77.893,78.616,79.73,80.482,81.591,83.66,85.728,86.837,87.589,88.703,89.426,90.792,93.135
640,1,83.6907,0.03666,74.21,76.553,77.92,78.644,79.759,80.511,81.621,83.691,85.76,86.871,87.623,88.737,89.461,90.828,93.172
641,1,83.7219,0.03667,74.235,76.58,77.948,78.672,79.787,80.54,81.651,83.722,85.793,86.904,87.656,88.772,89.496,90.864,93.209
642,1,83.753,0.03668,74.26,76.606,77.975,78.7,79.816,80.569,81.681,83.753,85.825,86.937,87.69,88.806,89.531,90.9,93.246
643,1,83.7842,0.03668,74.287,76.635,78.004,78.729,79.846,80.599,81.711,83.784,85.857,86.969,87.723,88.839,89.564,90.934,93.281
644,1,83.8153,0.03669,74.312,76.661,78.032,78.757,79.874,80.628,81.741,83.815,85.889,87.003,87.756,88.874,89.599,90.969,93.318
645,1,83.8464,0.0367,74.337,76.688,78.059,78.785,79.903,80.657,81.771,83.846,85.922,87.036,87.79,88.908,89.634,91.005,93.356
646,1,83.8774,0.03671,74.362,76.714,78.086,78.813,79.931,80.686,81.801,83.877,85.954,87.069,87.823,88.942,89.669,91.041,93.393
647,1,83.9085,0.03671,74.39,76.743,78.115,78.842,79.961,80.716,81.831,83.909,85.986,87.101,87.856,88.975,89.702,91.074,93.427
648,1,83.9395,0.03672,74.415,76.769,78.142,78.87,79.989,80.745,81.861,83.94,86.018,87.134,87.89,89.009,89.737,91.11,93.464
649,1,83.9705,0.03673,74.439,76.795,78.17,78.897,80.018,80.774,81.89,83.971,86.051,87.167,87.923,89.044,89.771,91.146,93.502
650,1,84.0014,0.03674,74.464,76.822,78.197,78.925,80.046,80.803,81.92,84.001,86.083,87.2,87.957,89.078,89.806,91.181,93.539
651,1,84.0324,0.03674,74.492,76.85,78.226,78.954,80.076,80.833,81.95,84.032,86.115,87.232,87.989,89.111,89.839,91.215,93.573
652,1,84.0633,0.03675,74.517,76.876,78.253,78.982,80.104,80.861,81.98,84.063,86.147,87.265,88.022,89.145,89.874,91.25,93.61
653,1,84.0941,0.03676,74.541,76.903,78.28,79.009,80.132,80.89,82.009,84.094,86.179,87.298,88.056,89.179,89.908,91.286,93.647
654,1,84.125,0.03677,74.566,76.929,78.307,79.037,80.161,80.919,82.039,84.125,86.211,87.331,88.089,89.213,89.943,91.321,93.684
655,1,84.1558,0.03677,74.593,76.957,78.336,79.066,80.19,80.949,82.069,84.156,86.243,87.363,88.121,89.246,89.976,91.354,93.718
656,1,84.1867,0.03678,74.618,76.983,78.363,79.094,80.219,80.978,82.098,84.187,86.275,87.396,88.155,89.28,90.01,91.39,93.755
657,1,84.2174,0.03679,74.643,77.01,78.39,79.121,80.247,81.006,82.128,84.217,86.307,87.429,88.188,89.314,90.045,91.425,93.792
658,1,84.2482,0.0368,74.667,77.036,78.417,79.149,80.275,81.035,82.157,84.248,86.339,87.461,88.221,89.348,90.079,91.461,93.829
659,1,84.2789,0.0368,74.695,77.064,78.446,79.177,80.304,81.064,82.187,84.279,86.371,87.493,88.254,89.38,90.112,91.494,93.863
660,1,84.3096,0.03681,74.719,77.09,78.473,79.205,80.332,81.093,82.216,84.31,86.403,87.526,88.287,89.414,90.147,91.529,93.9
661,1,84.3403,0.03682,74.744,77.116,78.5,79.232,80.361,81.122,82.246,84.34,86.435,87.559,88.32,89.448,90.181,91.565,93.937
662,1,84.371,0.03683,74.768,77.142,78.527,79.26,80.389,81.15,82.275,84.371,86.467,87.592,88.353,89.482,90.215,91.6,93.974
663,1,84.4016,0.03683,74.796,77.17,78.555,79.289,80.418,81.18,82.305,84.402,86.498,87.623,88.385,89.515,90.248,91.633,94.008
664,1,84.4323,0.03684,74.82,77.196,78.582,79.316,80.446,81.208,82.334,84.432,86.53,87.656,88.419,89.549,90.282,91.668,94.044
665,1,84.4628,0.03685,74.845,77.222,78.609,79.343,80.474,81.237,82.363,84.463,86.562,87.689,88.452,89.582,90.317,91.703,94.081
666,1,84.4934,0.03686,74.869,77.248,78.636,79.371,80.502,81.266,82.393,84.493,86.594,87.721,88.485,89.616,90.351,91.739,94.118
667,1,84.5239,0.03686,74.896,77.276,78.664,79.399,80.531,81.295,82.422,84.524,86.625,87.753,88.517,89.649,90.384,91.772,94.152
668,1,84.5545,0.03687,74.921,77.302,78.691,79.427,80.559,81.323,82.452,84.555,86.657,87.786,88.55,89.682,90.418,91.807,94.188
669,1,84.585,0.03688,74.945,77.328,78.718,79.454,80.587,81.352,82.481,84.585,86.689,87.818,88.583,89.716,90.452,91.842,94.225
670,1,84.6154,0.03689,74.969,77.354,78.745,79.481,80.615,81.38,82.51,84.615,86.721,87.851,88.616,89.75,90.486,91.877,94.261
671,1,84.6459,0.03689,74.996,77.382,78.773,79.51,80.644,81.41,82.54,84.646,86.752,87.882,88.648,89.782,90.519,91.91,94.295
672,1,84.6763,0.0369,75.021,77.407,78.8,79.537,80.672,81.438,82.569,84.676,86.784,87.915,88.681,89.816,90.553,91.945,94.332
673,1,84.7067,0.03691,75.045,77.433,78.826,79.564,80.7,81.466,82.598,84.707,86.816,87.947,88.714,89.849,90.587,91.98,94.368
674,1,84.737,0.03692,75.069,77.459,78.853,79.591,80.728,81.495,82.627,84.737,86.847,87.979,88.746,89.883,90.621,92.015,94.405
675,1,84.7674,0.03692,75.096,77.487,78.881,79.62,80.757,81.524,82.657,84.767,86.878,88.011,88.778,89.915,90.654,92.048,94.439
676,1,84.7977,0.03693,75.12,77.513,78.908,79.647,80.784,81.552,82.685,84.798,86.91,88.043,88.811,89.949,90.688,92.083,94.475
677,1,84.828,0.03694,75.145,77.538,78.934,79.674,80.812,81.58,82.714,84.828,86.942,88.076,88.844,89.982,90.722,92.118,94.511
678,1,84.8583,0.03695,75.169,77.564,78.961,79.701,80.84,81.609,82.743,84.858,86.973,88.108,88.877,90.016,90.756,92.153,94.548
679,1,84.8885,0.03695,75.196,77.592,78.989,79.729,80.869,81.638,82.773,84.889,87.004,88.139,88.908,90.048,90.788,92.185,94.581
680,1,84.9188,0.03696,75.22,77.617,79.016,79.756,80.897,81.666,82.802,84.919,87.036,88.172,88.941,90.081,90.822,92.22,94.618
681,1,84.949,0.03697,75.244,77.643,79.042,79.783,80.924,81.694,82.831,84.949,87.067,88.204,88.974,90.115,90.856,92.255,94.654
682,1,84.9791,0.03698,75.268,77.668,79.069,79.81,80.952,81.722,82.859,84.979,87.099,88.236,89.006,90.148,90.89,92.29,94.69
683,1,85.0093,0.03698,75.295,77.696,79.097,79.838,80.981,81.751,82.889,85.009,87.13,88.267,89.038,90.18,90.922,92.323,94.724
684,1,85.0394,0.03699,75.319,77.722,79.123,79.865,81.008,81.779,82.918,85.039,87.161,88.3,89.071,90.213,90.956,92.357,94.76
685,1,85.0695,0.037,75.343,77.747,79.15,79.892,81.036,81.807,82.946,85.07,87.193,88.332,89.103,90.247,90.989,92.392,94.796
686,1,85.0996,0.03701,75.367,77.773,79.176,79.919,81.063,81.835,82.975,85.1,87.224,88.364,89.136,90.28,91.023,92.427,94.832
687,1,85.1297,0.03701,75.393,77.8,79.204,79.947,81.092,81.864,83.005,85.13,87.255,88.395,89.167,90.312,91.055,92.459,94.866
688,1,85.1597,0.03702,75.417,77.826,79.23,79.974,81.119,81.892,83.033,85.16,87.286,88.427,89.2,90.345,91.089,92.494,94.902
689,1,85.1897,0.03703,75.441,77.851,79.257,80.001,81.147,81.92,83.062,85.19,87.317,88.459,89.232,90.379,91.123,92.528,94.938
690,1,85.2197,0.03704,75.465,77.876,79.283,80.028,81.174,81.948,83.091,85.22,87.349,88.491,89.265,90.412,91.156,92.563,94.974
691,1,85.2497,0.03704,75.492,77.904,79.311,80.056,81.203,81.977,83.12,85.25,87.38,88.522,89.296,90.444,91.189,92.595,95.008
692,1,85.2796,0.03705,75.516,77.929,79.337,80.083,81.23,82.005,83.148,85.28,87.411,88.554,89.329,90.477,91.222,92.63,95.044
693,1,85.3096,0.03706,75.54,77.955,79.363,80.109,81.258,82.033,83.177,85.31,87.442,88.586,89.361,90.51,91.256,92.665,95.08
694,1,85.3395,0.03706,75.566,77.982,79.391,80.137,81.286,82.062,83.206,85.34,87.473,88.617,89.393,90.542,91.288,92.697,95.113
695,1,85.3693,0.03707,75.59,78.007,79.417,80.164,81.314,82.089,83.235,85.369,87.504,88.649,89.425,90.575,91.321,92.731,95.149
696,1,85.3992,0.03708,75.614,78.033,79.443,80.191,81.341,82.117,83.263,85.399,87.535,88.681,89.457,90.608,91.355,92.766,95.185
697,1,85.429,0.03709,75.637,78.058,79.47,80.217,81.368,82.145,83.292,85.429,87.566,88.713,89.49,90.641,91.388,92.8,95.221
698,1,85.4588,0.03709,75.664,78.085,79.497,80.245,81.397,82.174,83.321,85.459,87.597,88.744,89.521,90.672,91.42,92.833,95.254
699,1,85.4886,0.0371,75.688,78.11,79.523,80.272,81.424,82.201,83.349,85.489,87.628,88.776,89.553,90.705,91.454,92.867,95.29
700,1,85.5184,0.03711,75.711,78.136,79.55,80.298,81.451,82.229,83.378,85.518,87.659,88.808,89.586,90.738,91.487,92.901,95.326
701,1,85.5481,0.03712,75.735,78.161,79.576,80.325,81.478,82.257,83.406,85.548,87.69,88.839,89.618,90.771,91.521,92.936,95.361
702,1,85.5778,0.03712,75.761,78.188,79.603,80.353,81.507,82.285,83.435,85.578,87.72,88.87,89.649,90.803,91.552,92.968,95.394
703,1,85.6075,0.03713,75.785,78.213,79.629,80.379,81.534,82.313,83.464,85.608,87.751,88.902,89.681,90.836,91.586,93.002,95.43
704,1,85.6372,0.03714,75.809,78.238,79.655,80.406,81.561,82.341,83.492,85.637,87.782,88.934,89.713,90.869,91.619,93.036,95.466
705,1,85.6668,0.03715,75.832,78.263,79.681,80.432,81.588,82.368,83.52,85.667,87.813,88.965,89.745,90.902,91.652,93.07,95.502
706,1,85.6964,0.03715,75.858,78.29,79.709,80.46,81.616,82.397,83.549,85.696,87.844,88.996,89.776,90.933,91.684,93.103,95.535
707,1,85.726,0.03716,75.882,78.315,79.735,80.486,81.644,82.424,83.577,85.726,87.875,89.028,89.808,90.966,91.717,93.137,95.57
708,1,85.7556,0.03717,75.905,78.34,79.761,80.513,81.671,82.452,83.606,85.756,87.906,89.059,89.841,90.999,91.751,93.171,95.606
709,1,85.7852,0.03718,75.929,78.365,79.786,80.539,81.698,82.48,83.634,85.785,87.936,89.091,89.873,91.031,91.784,93.205,95.641
710,1,85.8147,0.03718,75.955,78.392,79.814,80.567,81.726,82.508,83.663,85.815,87.967,89.122,89.904,91.063,91.816,93.237,95.674
711,1,85.8442,0.03719,75.978,78.417,79.84,80.593,81.753,82.535,83.691,85.844,87.998,89.153,89.936,91.095,91.849,93.271,95.71
712,1,85.8737,0.0372,76.002,78.442,79.866,80.619,81.78,82.563,83.719,85.874,88.028,89.185,89.968,91.128,91.882,93.305,95.745
713,1,85.9032,0.03721,76.025,78.467,79.891,80.645,81.807,82.59,83.747,85.903,88.059,89.216,90.0,91.161,91.915,93.339,95.781
714,1,85.9326,0.03721,76.051,78.494,79.919,80.673,81.835,82.619,83.776,85.933,88.089,89.247,90.03,91.192,91.947,93.371,95.814
715,1,85.9621,0.03722,76.075,78.519,79.944,80.699,81.862,82.646,83.804,85.962,88.12,89.278,90.062,91.225,91.98,93.405,95.849
716,1,85.9915,0.03723,76.098,78.544,79.97,80.726,81.889,82.673,83.832,85.992,88.151,89.31,90.094,91.257,92.013,93.439,95.885
717,1,86.0208,0.03724,76.122,78.569,79.996,80.752,81.915,82.701,83.86,86.021,88.181,89.341,90.126,91.29,92.046,93.473,95.92
718,1,86.0502,0.03724,76.148,78.595,80.023,80.779,81.943,82.729,83.889,86.05,88.212,89.371,90.157,91.321,92.077,93.505,95.953
719,1,86.0795,0.03725,76.171,78.62,80.049,80.805,81.97,82.756,83.917,86.08,88.242,89.403,90.189,91.354,92.11,93.539,95.988
720,1,86.1089,0.03726,76.194,78.645,80.075,80.832,81.997,82.784,83.945,86.109,88.273,89.434,90.221,91.386,92.143,93.573,96.024
721,1,86.1381,0.03727,76.217,78.67,80.1,80.858,82.024,82.811,83.973,86.138,88.303,89.465,90.252,91.419,92.176,93.607,96.059
722,1,86.1674,0.03727,76.243,78.696,80.127,80.885,82.052,82.839,84.001,86.167,88.333,89.496,90.283,91.45,92.207,93.638,96.092
723,1,86.1967,0.03728,76.267,78.721,80.153,80.911,82.079,82.866,84.029,86.197,88.364,89.527,90.315,91.482,92.24,93.672,96.127
724,1,86.2259,0.03729,76.29,78.746,80.178,80.937,82.105,82.893,84.057,86.226,88.395,89.558,90.347,91.515,92.273,93.706,96.162
725,1,86.2551,0.03729,76.316,78.773,80.206,80.965,82.133,82.921,84.086,86.255,88.425,89.589,90.377,91.546,92.305,93.738,96.195
726,1,86.2843,0.0373,76.339,78.797,80.231,80.99,82.16,82.949,84.114,86.284,88.455,89.62,90.409,91.578,92.337,93.771,96.23
727,1,86.3134,0.03731,76.362,78.822,80.257,81.016,82.186,82.976,84.141,86.313,88.485,89.651,90.44,91.61,92.37,93.805,96.265
728,1,86.3426,0.03732,76.385,78.846,80.282,81.042,82.213,83.003,84.169,86.343,88.516,89.682,90.472,91.643,92.403,93.839,96.3
729,1,86.3717,0.03732,76.411,78.873,80.309,81.07,82.241,83.031,84.198,86.372,88.546,89.713,90.503,91.674,92.434,93.87,96.333
730,1,86.4008,0.03733,76.434,78.898,80.335,81.096,82.267,83.058,84.225,86.401,88.576,89.744,90.534,91.706,92.467,93.904,96.368
