Age,L,M,S,P01,P1,P3,P5,P10,P15,P25,P50,P75,P85,P90,P95,P97,P99,P999
0,0.3809,3.2322,0.14171,2.002,2.273,2.44,2.532,2.678,2.779,2.932,3.232,3.55,3.729,3.853,4.041,4.166,4.409,4.846
1,0.3259,3.1957,0.14578,1.963,2.231,2.398,2.49,2.635,2.737,2.892,3.196,3.52,3.704,3.831,4.026,4.155,4.408,4.865
2,0.3101,3.2104,0.14637,1.972,2.24,2.408,2.5,2.646,2.748,2.904,3.21,3.538,3.723,3.853,4.049,4.181,4.438,4.902
3,0.2986,3.2315,0.14657,1.986,2.255,2.424,2.516,2.663,2.766,2.923,3.232,3.562,3.749,3.879,4.079,4.212,4.471,4.942
4,0.2891,3.2558,0.14658,2.004,2.274,2.443,2.536,2.684,2.787,2.945,3.256,3.589,3.778,3.909,4.11,4.245,4.507,4.983
5,0.281,3.2821,0.14646,2.023,2.294,2.464,2.558,2.707,2.81,2.969,3.282,3.618,3.808,3.941,4.144,4.279,4.544,5.026
6,0.2737,3.3099,0.14626,2.043,2.316,2.487,2.581,2.731,2.835,2.995,3.31,3.648,3.84,3.974,4.178,4.315,4.583,5.069
7,0.2671,3.3388,0.146,2.064,2.339,2.51,2.605,2.756,2.861,3.022,3.339,3.68,3.873,4.008,4.214,4.352,4.622,5.112
8,0.2609,3.3687,0.14569,2.087,2.362,2.535,2.63,2.782,2.888,3.05,3.369,3.712,3.906,4.042,4.25,4.389,4.661,5.156
9,0.2551,3.3995,0.14534,2.11,2.387,2.561,2.656,2.809,2.915,3.078,3.4,3.745,3.941,4.078,4.287,4.428,4.702,5.201
10,0.2497,3.4314,0.14498,2.134,2.412,2.587,2.683,2.837,2.944,3.108,3.431,3.779,3.977,4.115,4.326,4.467,4.744,5.247
11,0.2446,3.4643,0.14459,2.158,2.439,2.615,2.711,2.866,2.974,3.139,3.464,3.815,4.014,4.153,4.365,4.508,4.786,5.294
12,0.2397,3.4983,0.1442,2.184,2.466,2.643,2.74,2.896,3.004,3.17,3.498,3.851,4.052,4.192,4.406,4.55,4.83,5.342
13,0.2349,3.5333,0.1438,2.21,2.494,2.672,2.77,2.927,3.036,3.203,3.533,3.889,4.091,4.232,4.448,4.593,4.876,5.392
14,0.2304,3.5693,0.14339,2.237,2.523,2.702,2.801,2.958,3.068,3.237,3.569,3.928,4.131,4.273,4.491,4.637,4.922,5.443
15,0.226,3.6063,0.14299,2.264,2.552,2.733,2.832,2.991,3.102,3.271,3.606,3.967,4.172,4.316,4.535,4.682,4.97,5.495
16,0.2218,3.6438,0.14258,2.292,2.582,2.764,2.864,3.024,3.135,3.306,3.644,4.008,4.214,4.359,4.58,4.728,5.018,5.548
17,0.2177,3.6818,0.14218,2.32,2.612,2.795,2.896,3.057,3.17,3.342,3.682,4.048,4.257,4.402,4.625,4.775,5.067,5.601
18,0.2137,3.7201,0.14177,2.348,2.643,2.827,2.929,3.091,3.204,3.378,3.72,4.089,4.299,4.446,4.671,4.821,5.116,5.655
19,0.2099,3.7584,0.14138,2.377,2.673,2.859,2.961,3.124,3.239,3.413,3.758,4.131,4.342,4.49,4.716,4.868,5.166,5.709
20,0.2061,3.7968,0.14098,2.405,2.704,2.891,2.994,3.158,3.273,3.449,3.797,4.172,4.385,4.534,4.762,4.915,5.215,5.762
21,0.2024,3.8352,0.1406,2.434,2.734,2.923,3.026,3.192,3.308,3.485,3.835,4.213,4.428,4.578,4.808,4.962,5.264,5.816
22,0.1989,3.8735,0.14021,2.462,2.765,2.954,3.059,3.226,3.342,3.521,3.874,4.254,4.47,4.621,4.853,5.009,5.313,5.87
23,0.1954,3.9116,0.13984,2.49,2.795,2.986,3.091,3.259,3.377,3.556,3.912,4.295,4.513,4.665,4.899,5.055,5.362,5.923
24,0.1919,3.9495,0.13947,2.519,2.825,3.018,3.124,3.293,3.411,3.592,3.95,4.335,4.555,4.708,4.944,5.101,5.411,5.976
25,0.1886,3.9872,0.1391,2.547,2.855,3.049,3.156,3.326,3.445,3.627,3.987,4.376,4.597,4.751,4.988,5.147,5.459,6.028
26,0.1853,4.0247,0.13875,2.575,2.885,3.08,3.188,3.359,3.479,3.662,4.025,4.416,4.638,4.794,5.033,5.193,5.507,6.08
27,0.1821,4.0618,0.1384,2.602,2.915,3.111,3.219,3.392,3.512,3.697,4.062,4.456,4.68,4.836,5.077,5.238,5.554,6.132
28,0.1789,4.0987,0.13805,2.63,2.944,3.142,3.251,3.424,3.546,3.731,4.099,4.495,4.721,4.879,5.12,5.283,5.601,6.183
29,0.1758,4.1353,0.13771,2.657,2.974,3.172,3.282,3.457,3.579,3.766,4.135,4.534,4.761,4.92,5.164,5.327,5.648,6.234
30,0.1727,4.1716,0.13738,2.684,3.003,3.203,3.313,3.489,3.612,3.8,4.172,4.573,4.802,4.962,5.207,5.371,5.694,6.284
31,0.1697,4.2075,0.13706,2.711,3.032,3.233,3.343,3.52,3.644,3.833,4.208,4.612,4.842,5.003,5.249,5.415,5.74,6.334
32,0.1668,4.2431,0.13674,2.738,3.06,3.262,3.374,3.552,3.676,3.866,4.243,4.65,4.881,5.043,5.291,5.458,5.785,6.383
33,0.1638,4.2783,0.13643,2.764,3.088,3.292,3.404,3.583,3.708,3.899,4.278,4.687,4.92,5.083,5.333,5.501,5.83,6.432
34,0.161,4.3131,0.13613,2.79,3.116,3.321,3.434,3.614,3.739,3.932,4.313,4.725,4.959,5.123,5.374,5.543,5.874,6.48
35,0.1582,4.3476,0.13583,2.816,3.144,3.35,3.463,3.644,3.771,3.964,4.348,4.762,4.997,5.162,5.415,5.585,5.918,6.527
36,0.1554,4.3818,0.13554,2.842,3.171,3.378,3.492,3.674,3.802,3.996,4.382,4.798,5.035,5.201,5.456,5.626,5.961,6.575
37,0.1526,4.4155,0.13526,2.867,3.198,3.406,3.521,3.704,3.832,4.028,4.416,4.834,5.072,5.239,5.495,5.667,6.004,6.621
38,0.1499,4.449,0.13498,2.892,3.225,3.434,3.55,3.734,3.862,4.059,4.449,4.87,5.11,5.278,5.535,5.708,6.047,6.668
39,0.1473,4.482,0.1347,2.917,3.252,3.462,3.578,3.763,3.892,4.09,4.482,4.905,5.146,5.315,5.574,5.748,6.089,6.713
40,0.1446,4.5148,0.13444,2.941,3.278,3.49,3.606,3.792,3.922,4.121,4.515,4.94,5.183,5.352,5.613,5.788,6.13,6.759
41,0.142,4.5472,0.13418,2.966,3.304,3.517,3.634,3.821,3.951,4.151,4.547,4.975,5.219,5.389,5.651,5.827,6.171,6.803
42,0.1395,4.5793,0.13392,2.99,3.33,3.544,3.661,3.849,3.98,4.181,4.579,5.009,5.254,5.426,5.689,5.866,6.212,6.848
43,0.1369,4.611,0.13367,3.014,3.356,3.57,3.688,3.877,4.009,4.211,4.611,5.043,5.289,5.462,5.726,5.904,6.252,6.891
44,0.1344,4.6425,0.13342,3.038,3.381,3.597,3.715,3.905,4.038,4.241,4.643,5.077,5.324,5.498,5.763,5.942,6.292,6.935
45,0.132,4.6736,0.13318,3.061,3.406,3.623,3.742,3.933,4.066,4.27,4.674,5.11,5.359,5.533,5.8,5.98,6.332,6.978
46,0.1295,4.7044,0.13295,3.084,3.431,3.648,3.768,3.96,4.094,4.299,4.704,5.143,5.393,5.568,5.837,6.017,6.371,7.02
47,0.1271,4.7349,0.13272,3.107,3.456,3.674,3.795,3.987,4.121,4.327,4.735,5.176,5.427,5.603,5.873,6.054,6.41,7.062
48,0.1247,4.7651,0.1325,3.13,3.48,3.699,3.82,4.014,4.149,4.356,4.765,5.208,5.46,5.637,5.908,6.09,6.448,7.104
49,0.1224,4.795,0.13228,3.153,3.504,3.724,3.846,4.04,4.176,4.384,4.795,5.24,5.493,5.671,5.944,6.127,6.486,7.145
50,0.12,4.8245,0.13206,3.175,3.528,3.749,3.871,4.066,4.203,4.411,4.825,5.271,5.526,5.704,5.978,6.162,6.523,7.186
51,0.1177,4.8538,0.13185,3.197,3.551,3.774,3.896,4.092,4.229,4.439,4.854,5.303,5.559,5.738,6.013,6.198,6.561,7.226
52,0.1154,4.8828,0.13165,3.219,3.575,3.798,3.921,4.118,4.255,4.466,4.883,5.334,5.591,5.771,6.047,6.233,6.598,7.267
53,0.1132,4.9115,0.13145,3.241,3.598,3.822,3.946,4.143,4.281,4.493,4.912,5.364,5.623,5.803,6.081,6.268,6.634,7.306
54,0.1109,4.9399,0.13125,3.262,3.621,3.846,3.97,4.168,4.307,4.519,4.94,5.395,5.654,5.836,6.115,6.302,6.67,7.345
55,0.1087,4.968,0.13106,3.283,3.644,3.87,3.994,4.193,4.333,4.546,4.968,5.425,5.685,5.868,6.148,6.336,6.706,7.384
56,0.1065,4.9959,0.13087,3.304,3.666,3.893,4.018,4.218,4.358,4.572,4.996,5.455,5.716,5.899,6.181,6.37,6.741,7.423
57,0.1044,5.0235,0.13068,3.325,3.688,3.916,4.042,4.243,4.383,4.598,5.024,5.484,5.747,5.931,6.213,6.403,6.776,7.461
58,0.1022,5.0509,0.1305,3.346,3.711,3.939,4.065,4.267,4.408,4.623,5.051,5.513,5.777,5.962,6.246,6.436,6.811,7.499
59,0.1001,5.078,0.13033,3.366,3.732,3.962,4.089,4.291,4.432,4.649,5.078,5.542,5.807,5.993,6.278,6.469,6.846,7.537
60,0.098,5.1049,0.13015,3.387,3.754,3.985,4.112,4.315,4.457,4.674,5.105,5.571,5.837,6.023,6.31,6.502,6.88,7.574
61,0.0959,5.1315,0.12998,3.407,3.776,4.007,4.135,4.338,4.481,4.699,5.132,5.6,5.866,6.054,6.341,6.534,6.913,7.61
62,0.0938,5.158,0.12982,3.427,3.797,4.029,4.157,4.362,4.505,4.724,5.158,5.628,5.896,6.084,6.372,6.566,6.947,7.647
63,0.0918,5.1842,0.12966,3.447,3.818,4.051,4.18,4.385,4.529,4.748,5.184,5.656,5.925,6.114,6.403,6.598,6.981,7.684
64,0.0897,5.2102,0.1295,3.466,3.839,4.073,4.202,4.408,4.552,4.773,5.21,5.684,5.954,6.143,6.434,6.63,7.014,7.72
65,0.0877,5.236,0.12934,3.486,3.86,4.095,4.224,4.431,4.575,4.797,5.236,5.711,5.982,6.173,6.465,6.661,7.047,7.756
66,0.0857,5.2616,0.12919,3.505,3.88,4.116,4.246,4.453,4.599,4.821,5.262,5.739,6.011,6.202,6.495,6.692,7.079,7.791
67,0.0838,5.287,0.12904,3.524,3.901,4.137,4.268,4.476,4.622,4.845,5.287,5.766,6.039,6.231,6.525,6.723,7.112,7.826
68,0.0818,5.3121,0.12889,3.543,3.921,4.158,4.289,4.498,4.644,4.868,5.312,5.793,6.067,6.259,6.555,6.753,7.144,7.861
69,0.0798,5.337,0.12875,3.562,3.941,4.179,4.311,4.52,4.667,4.892,5.337,5.819,6.095,6.288,6.584,6.784,7.175,7.896
70,0.0779,5.3618,0.12861,3.581,3.961,4.2,4.332,4.542,4.689,4.915,5.362,5.846,6.122,6.316,6.614,6.814,7.207,7.93
71,0.076,5.3863,0.12847,3.599,3.981,4.221,4.353,4.564,4.712,4.938,5.386,5.872,6.149,6.344,6.643,6.843,7.238,7.964
72,0.0741,5.4107,0.12834,3.618,4.001,4.241,4.374,4.585,4.734,4.961,5.411,5.898,6.176,6.372,6.672,6.873,7.269,7.999
73,0.0722,5.4348,0.12821,3.636,4.02,4.261,4.394,4.607,4.755,4.983,5.435,5.924,6.203,6.399,6.7,6.903,7.3,8.032
74,0.0704,5.4587,0.12808,3.654,4.039,4.281,4.415,4.628,4.777,5.006,5.459,5.95,6.23,6.426,6.728,6.932,7.331,8.065
75,0.0685,5.4825,0.12795,3.672,4.059,4.301,4.435,4.649,4.799,5.028,5.483,5.975,6.256,6.453,6.757,6.96,7.361,8.099
76,0.0667,5.5061,0.12783,3.69,4.078,4.321,4.455,4.67,4.82,5.05,5.506,6.0,6.282,6.48,6.785,6.989,7.391,8.132
77,0.0648,5.5295,0.1277,3.707,4.096,4.341,4.475,4.691,4.841,5.072,5.53,6.025,6.308,6.507,6.812,7.018,7.421,8.164
78,0.063,5.5527,0.12758,3.725,4.115,4.36,4.495,4.711,4.862,5.094,5.553,6.05,6.334,6.534,6.84,7.046,7.451,8.197
79,0.0612,5.5757,0.12747,3.742,4.134,4.379,4.515,4.731,4.883,5.115,5.576,6.075,6.36,6.56,6.867,7.074,7.48,8.229
80,0.0595,5.5986,0.12735,3.76,4.152,4.399,4.535,4.752,4.904,5.137,5.599,6.099,6.385,6.586,6.894,7.102,7.51,8.261
81,0.0577,5.6213,0.12724,3.777,4.17,4.418,4.554,4.772,4.924,5.158,5.621,6.124,6.411,6.612,6.921,7.129,7.539,8.293
82,0.0559,5.6438,0.12713,3.794,4.188,4.436,4.573,4.792,4.945,5.179,5.644,6.148,6.436,6.638,6.948,7.157,7.568,8.324
83,0.0542,5.6662,0.12702,3.811,4.207,4.455,4.592,4.812,4.965,5.2,5.666,6.172,6.46,6.663,6.975,7.184,7.596,8.356
84,0.0525,5.6883,0.12691,3.827,4.224,4.474,4.611,4.831,4.985,5.221,5.688,6.195,6.485,6.688,7.001,7.211,7.625,8.386
85,0.0508,5.7104,0.12681,3.844,4.242,4.492,4.63,4.851,5.005,5.241,5.71,6.219,6.51,6.714,7.027,7.238,7.653,8.417
86,0.049,5.7322,0.12671,3.86,4.26,4.51,4.649,4.87,5.025,5.262,5.732,6.243,6.534,6.739,7.053,7.265,7.681,8.448
87,0.0474,5.7539,0.1266,3.877,4.277,4.529,4.667,4.889,5.044,5.282,5.754,6.266,6.558,6.763,7.079,7.291,7.709,8.478
88,0.0457,5.7755,0.12651,3.893,4.294,4.547,4.686,4.908,5.064,5.302,5.776,6.289,6.582,6.788,7.105,7.318,7.737,8.509
89,0.044,5.7969,0.12641,3.909,4.312,4.565,4.704,4.927,5.083,5.322,5.797,6.312,6.606,6.812,7.13,7.344,7.764,8.539
90,0.0424,5.8181,0.12631,3.925,4.329,4.582,4.722,4.946,5.102,5.342,5.818,6.335,6.629,6.837,7.155,7.369,7.791,8.569
91,0.0407,5.8393,0.12622,3.941,4.346,4.6,4.74,4.965,5.121,5.362,5.839,6.357,6.653,6.861,7.18,7.395,7.819,8.599
92,0.0391,5.8602,0.12613,3.957,4.363,4.617,4.758,4.983,5.14,5.382,5.86,6.38,6.676,6.885,7.205,7.421,7.845,8.628
93,0.0375,5.881,0.12604,3.972,4.379,4.635,4.776,5.001,5.159,5.401,5.881,6.402,6.7,6.909,7.23,7.446,7.872,8.657
94,0.0358,5.9017,0.12595,3.988,4.396,4.652,4.794,5.02,5.178,5.42,5.902,6.424,6.723,6.932,7.255,7.472,7.899,8.686
95,0.0342,5.9223,0.12586,4.004,4.413,4.669,4.811,5.038,5.197,5.44,5.922,6.446,6.746,6.956,7.279,7.497,7.925,8.715
96,0.0327,5.9427,0.12577,4.019,4.429,4.687,4.829,5.056,5.215,5.459,5.943,6.468,6.768,6.979,7.303,7.522,7.951,8.744
97,0.0311,5.9629,0.12569,4.034,4.445,4.703,4.846,5.074,5.233,5.478,5.963,6.49,6.791,7.002,7.328,7.547,7.978,8.773
98,0.0295,5.9831,0.12561,4.049,4.461,4.72,4.863,5.092,5.251,5.496,5.983,6.511,6.813,7.025,7.352,7.571,8.004,8.801
99,0.0279,6.0031,0.12553,4.064,4.477,4.737,4.88,5.109,5.27,5.515,6.003,6.533,6.836,7.048,7.375,7.596,8.029,8.83
100,0.0264,6.0229,0.12545,4.079,4.493,4.754,4.897,5.127,5.287,5.534,6.023,6.554,6.858,7.071,7.399,7.62,8.055,8.858
101,0.0249,6.0426,0.12537,4.094,4.509,4.77,4.914,5.144,5.305,5.552,6.043,6.575,6.88,7.094,7.423,7.644,8.08,8.885
102,0.0233,6.0622,0.12529,4.109,4.525,4.786,4.931,5.161,5.323,5.57,6.062,6.596,6.901,7.116,7.446,7.668,8.106,8.913
103,0.0218,6.0817,0.12522,4.123,4.541,4.803,4.947,5.179,5.34,5.589,6.082,6.617,6.923,7.138,7.469,7.692,8.131,8.941
104,0.0203,6.101,0.12514,4.138,4.556,4.819,4.964,5.196,5.358,5.607,6.101,6.638,6.945,7.16,7.492,7.716,8.156,8.968
105,0.0188,6.1202,0.12507,4.152,4.571,4.835,4.98,5.213,5.375,5.625,6.12,6.658,6.966,7.182,7.515,7.739,8.181,8.995
106,0.0173,6.1393,0.125,4.167,4.587,4.851,4.996,5.229,5.393,5.643,6.139,6.679,6.987,7.204,7.538,7.763,8.205,9.022
107,0.0158,6.1582,0.12493,4.181,4.602,4.867,5.013,5.246,5.41,5.66,6.158,6.699,7.009,7.226,7.561,7.786,8.23,9.049
108,0.0144,6.1771,0.12486,4.195,4.617,4.882,5.029,5.263,5.427,5.678,6.177,6.72,7.03,7.248,7.583,7.809,8.254,9.076
109,0.0129,6.1958,0.12479,4.209,4.632,4.898,5.045,5.279,5.444,5.695,6.196,6.74,7.051,7.269,7.605,7.832,8.278,9.102
110,0.0114,6.2143,0.12472,4.223,4.647,4.913,5.061,5.296,5.46,5.713,6.214,6.759,7.071,7.29,7.627,7.855,8.302,9.129
111,0.01,6.2328,0.12466,4.237,4.662,4.929,5.076,5.312,5.477,5.73,6.233,6.779,7.092,7.312,7.65,7.878,8.326,9.155
112,0.0086,6.2511,0.12459,4.251,4.677,4.944,5.092,5.328,5.493,5.747,6.251,6.799,7.112,7.332,7.671,7.9,8.35,9.181
113,0.0071,6.2693,0.12453,4.264,4.691,4.959,5.107,5.344,5.51,5.764,6.269,6.818,7.133,7.353,7.693,7.922,8.373,9.207
114,0.0057,6.2874,0.12447,4.278,4.706,4.974,5.123,5.36,5.526,5.781,6.287,6.838,7.153,7.374,7.715,7.945,8.397,9.233
115,0.0043,6.3054,0.12441,4.291,4.72,4.989,5.138,5.376,5.542,5.798,6.305,6.857,7.173,7.395,7.737,7.967,8.42,9.259
116,0.0029,6.3232,0.12435,4.305,4.734,5.004,5.153,5.392,5.558,5.814,6.323,6.876,7.193,7.415,7.758,7.989,8.443,9.284
117,0.0015,6.341,0.12429,4.318,4.749,5.019,5.168,5.407,5.575,5.831,6.341,6.895,7.213,7.436,7.779,8.011,8.466,9.309
118,0.0001,6.3586,0.12423,4.331,4.763,5.034,5.183,5.423,5.59,5.848,6.359,6.914,7.232,7.456,7.8,8.032,8.489,9.334
119,-0.0013,6.3761,0.12417,4.345,4.777,5.048,5.198,5.438,5.606,5.864,6.376,6.933,7.252,7.476,7.821,8.054,8.512,9.359
120,-0.0026,6.3935,0.12412,4.358,4.791,5.063,5.213,5.453,5.622,5.88,6.394,6.952,7.271,7.496,7.842,8.075,8.535,9.384
121,-0.004,6.4108,0.12406,4.371,4.804,5.077,5.228,5.469,5.637,5.896,6.411,6.97,7.291,7.516,7.863,8.096,8.557,9.409
122,-0.0053,6.428,0.12401,4.383,4.818,5.091,5.242,5.484,5.653,5.912,6.428,6.989,7.31,7.536,7.883,8.118,8.579,9.434
123,-0.0067,6.445,0.12395,4.396,4.832,5.106,5.257,5.499,5.668,5.928,6.445,7.007,7.329,7.555,7.904,8.139,8.601,9.458
124,-0.008,6.462,0.1239,4.409,4.845,5.12,5.271,5.514,5.684,5.944,6.462,7.025,7.348,7.575,7.924,8.16,8.624,9.482
125,-0.0094,6.4788,0.12385,4.422,4.859,5.134,5.286,5.529,5.699,5.96,6.479,7.043,7.367,7.594,7.944,8.18,8.646,9.506
126,-0.0107,6.4956,0.1238,4.434,4.872,5.148,5.3,5.543,5.714,5.975,6.496,7.062,7.386,7.613,7.964,8.201,8.667,9.53
127,-0.012,6.5122,0.12375,4.447,4.886,5.162,5.314,5.558,5.729,5.991,6.512,7.079,7.404,7.633,7.984,8.221,8.689,9.554
128,-0.0133,6.5288,0.1237,4.459,4.899,5.175,5.328,5.573,5.744,6.006,6.529,7.097,7.423,7.652,8.004,8.242,8.711,9.578
129,-0.0146,6.5452,0.12365,4.471,4.912,5.189,5.342,5.587,5.759,6.022,6.545,7.115,7.441,7.67,8.024,8.262,8.732,9.601
130,-0.0159,6.5615,0.1236,4.484,4.925,5.203,5.356,5.601,5.773,6.037,6.562,7.132,7.459,7.689,8.043,8.282,8.753,9.625
131,-0.0172,6.5777,0.12355,4.496,4.938,5.216,5.37,5.616,5.788,6.052,6.578,7.15,7.477,7.708,8.063,8.302,8.774,9.648
132,-0.0185,6.5939,0.12351,4.508,4.951,5.23,5.384,5.63,5.802,6.067,6.594,7.167,7.496,7.727,8.082,8.322,8.795,9.671
133,-0.0198,6.6099,0.12346,4.52,4.964,5.243,5.397,5.644,5.817,6.082,6.61,7.184,7.513,7.745,8.102,8.342,8.816,9.694
134,-0.021,6.6258,0.12342,4.532,4.976,5.256,5.411,5.658,5.831,6.097,6.626,7.202,7.531,7.763,8.121,8.362,8.837,9.717
135,-0.0223,6.6416,0.12337,4.544,4.989,5.269,5.424,5.672,5.845,6.112,6.642,7.218,7.549,7.781,8.14,8.381,8.858,9.74
136,-0.0235,6.6573,0.12333,4.555,5.002,5.282,5.438,5.686,5.86,6.126,6.657,7.235,7.566,7.8,8.158,8.401,8.878,9.763
137,-0.0248,6.6729,0.12329,4.567,5.014,5.295,5.451,5.699,5.874,6.141,6.673,7.252,7.584,7.818,8.177,8.42,8.899,9.785
138,-0.026,6.6884,0.12325,4.579,5.026,5.308,5.464,5.713,5.888,6.155,6.688,7.269,7.601,7.835,8.196,8.439,8.919,9.807
139,-0.0273,6.7039,0.12321,4.59,5.039,5.321,5.477,5.727,5.902,6.17,6.704,7.286,7.619,7.853,8.215,8.458,8.939,9.83
140,-0.0285,6.7192,0.12317,4.602,5.051,5.334,5.49,5.74,5.915,6.184,6.719,7.302,7.636,7.871,8.233,8.477,8.959,9.852
141,-0.0297,6.7344,0.12313,4.613,5.063,5.346,5.503,5.753,5.929,6.198,6.734,7.318,7.653,7.888,8.251,8.496,8.979,9.874
142,-0.0309,6.7495,0.12309,4.624,5.075,5.359,5.516,5.767,5.943,6.212,6.75,7.335,7.67,7.906,8.269,8.515,8.999,9.896
143,-0.0321,6.7646,0.12305,4.636,5.087,5.372,5.529,5.78,5.956,6.227,6.765,7.351,7.687,7.923,8.288,8.533,9.019,9.917
144,-0.0333,6.7795,0.12301,4.647,5.099,5.384,5.541,5.793,5.97,6.24,6.78,7.367,7.703,7.94,8.306,8.552,9.038,9.939
145,-0.0345,6.7944,0.12298,4.658,5.111,5.396,5.554,5.806,5.983,6.254,6.794,7.383,7.72,7.958,8.324,8.571,9.058,9.961
146,-0.0357,6.8091,0.12294,4.669,5.123,5.409,5.567,5.819,5.996,6.268,6.809,7.399,7.737,7.975,8.341,8.589,9.077,9.982
147,-0.0369,6.8238,0.12291,4.68,5.135,5.421,5.579,5.832,6.009,6.282,6.824,7.415,7.753,7.992,8.359,8.607,9.096,10.003
148,-0.0381,6.8384,0.12287,4.691,5.146,5.433,5.591,5.845,6.023,6.295,6.838,7.43,7.77,8.008,8.377,8.625,9.115,10.024
149,-0.0393,6.8529,0.12284,4.701,5.158,5.445,5.604,5.858,6.036,6.309,6.853,7.446,7.786,8.025,8.394,8.643,9.134,10.046
150,-0.0404,6.8673,0.12281,4.712,5.169,5.457,5.616,5.87,6.049,6.322,6.867,7.461,7.802,8.042,8.412,8.661,9.153,10.067
151,-0.0416,6.8816,0.12277,4.723,5.181,5.469,5.628,5.883,6.061,6.336,6.882,7.477,7.818,8.058,8.429,8.679,9.172,10.087
152,-0.0428,6.8959,0.12274,4.734,5.192,5.481,5.64,5.895,6.074,6.349,6.896,7.492,7.834,8.075,8.446,8.697,9.191,10.108
153,-0.0439,6.91,0.12271,4.744,5.203,5.492,5.652,5.908,6.087,6.362,6.91,7.507,7.85,8.091,8.463,8.714,9.21,10.129
154,-0.045,6.9241,0.12268,4.755,5.214,5.504,5.664,5.92,6.1,6.375,6.924,7.523,7.866,8.107,8.48,8.732,9.228,10.149
155,-0.0462,6.9381,0.12265,4.765,5.226,5.516,5.676,5.932,6.112,6.388,6.938,7.538,7.882,8.124,8.497,8.749,9.247,10.17
156,-0.0473,6.952,0.12262,4.775,5.237,5.527,5.688,5.945,6.125,6.401,6.952,7.553,7.897,8.14,8.514,8.766,9.265,10.19
157,-0.0484,6.9659,0.12259,4.786,5.248,5.539,5.699,5.957,6.137,6.414,6.966,7.568,7.913,8.156,8.531,8.784,9.283,10.21
158,-0.0496,6.9797,0.12256,4.796,5.259,5.55,5.711,5.969,6.15,6.427,6.98,7.582,7.928,8.172,8.547,8.801,9.301,10.23
159,-0.0507,6.9934,0.12254,4.806,5.27,5.561,5.723,5.981,6.162,6.44,6.993,7.597,7.944,8.188,8.564,8.818,9.32,10.25
160,-0.0518,7.007,0.12251,4.816,5.28,5.573,5.734,5.993,6.174,6.452,7.007,7.612,7.959,8.203,8.58,8.835,9.337,10.27
161,-0.0529,7.0205,0.12248,4.826,5.291,5.584,5.746,6.005,6.186,6.465,7.021,7.626,7.974,8.219,8.597,8.852,9.355,10.29
162,-0.054,7.034,0.12246,4.836,5.302,5.595,5.757,6.016,6.198,6.478,7.034,7.641,7.989,8.235,8.613,8.869,9.373,10.31
163,-0.0551,7.0474,0.12243,4.846,5.312,5.606,5.768,6.028,6.21,6.49,7.047,7.656,8.004,8.25,8.629,8.885,9.391,10.329
164,-0.0562,7.0607,0.12241,4.856,5.323,5.617,5.78,6.04,6.222,6.502,7.061,7.67,8.019,8.266,8.645,8.902,9.409,10.349
165,-0.0573,7.074,0.12238,4.866,5.334,5.628,5.791,6.051,6.234,6.515,7.074,7.684,8.034,8.281,8.662,8.919,9.426,10.368
166,-0.0583,7.0872,0.12236,4.876,5.344,5.639,5.802,6.063,6.246,6.527,7.087,7.698,8.049,8.296,8.678,8.935,9.444,10.388
167,-0.0594,7.1003,0.12234,4.885,5.354,5.65,5.813,6.074,6.258,6.539,7.1,7.713,8.064,8.312,8.694,8.951,9.461,10.407
168,-0.0605,7.1133,0.12231,4.895,5.365,5.661,5.824,6.086,6.269,6.551,7.113,7.727,8.079,8.327,8.709,8.968,9.478,10.426
169,-0.0615,7.1263,0.12229,4.905,5.375,5.671,5.835,6.097,6.281,6.563,7.126,7.741,8.093,8.342,8.725,8.984,9.495,10.445
170,-0.0626,7.1393,0.12227,4.914,5.385,5.682,5.846,6.109,6.293,6.576,7.139,7.755,8.108,8.357,8.741,9.0,9.513,10.465
171,-0.0637,7.1521,0.12225,4.924,5.395,5.692,5.857,6.12,6.304,6.587,7.152,7.769,8.122,8.372,8.756,9.016,9.53,10.484
172,-0.0647,7.1649,0.12223,4.933,5.406,5.703,5.868,6.131,6.316,6.599,7.165,7.782,8.137,8.387,8.772,9.032,9.547,10.502
173,-0.0658,7.1776,0.12221,4.943,5.416,5.714,5.878,6.142,6.327,6.611,7.178,7.796,8.151,8.401,8.787,9.048,9.564,10.521
174,-0.0668,7.1903,0.12219,4.952,5.426,5.724,5.889,6.153,6.338,6.623,7.19,7.81,8.165,8.416,8.803,9.064,9.58,10.54
175,-0.0678,7.2029,0.12217,4.961,5.436,5.734,5.9,6.164,6.35,6.635,7.203,7.823,8.18,8.431,8.818,9.08,9.597,10.559
176,-0.0689,7.2154,0.12215,4.971,5.446,5.745,5.91,6.175,6.361,6.646,7.215,7.837,8.194,8.445,8.833,9.096,9.614,10.577
177,-0.0699,7.2279,0.12214,4.98,5.455,5.755,5.921,6.186,6.372,6.658,7.228,7.85,8.208,8.46,8.849,9.111,9.631,10.596
178,-0.0709,7.2403,0.12212,4.989,5.465,5.765,5.931,6.197,6.383,6.669,7.24,7.864,8.222,8.474,8.864,9.127,9.647,10.614
179,-0.0719,7.2527,0.1221,4.998,5.475,5.775,5.942,6.208,6.394,6.681,7.253,7.877,8.236,8.489,8.879,9.143,9.664,10.632
180,-0.0729,7.265,0.12208,5.007,5.485,5.786,5.952,6.218,6.405,6.692,7.265,7.89,8.25,8.503,8.894,9.158,9.68,10.651
181,-0.0739,7.2772,0.12207,5.016,5.494,5.796,5.962,6.229,6.416,6.704,7.277,7.904,8.264,8.517,8.909,9.173,9.696,10.669
182,-0.0749,7.2894,0.12205,5.025,5.504,5.806,5.972,6.24,6.427,6.715,7.289,7.917,8.277,8.531,8.924,9.189,9.713,10.687
183,-0.0759,7.3016,0.12204,5.034,5.514,5.816,5.983,6.25,6.438,6.726,7.302,7.93,8.291,8.546,8.939,9.204,9.729,10.705
184,-0.0769,7.3136,0.12202,5.043,5.523,5.825,5.993,6.261,6.449,6.738,7.314,7.943,8.305,8.56,8.953,9.219,9.745,10.723
185,-0.0779,7.3256,0.12201,5.052,5.532,5.835,6.003,6.271,6.459,6.749,7.326,7.956,8.318,8.574,8.968,9.234,9.761,10.741
186,-0.0789,7.3376,0.122,5.061,5.542,5.845,6.013,6.282,6.47,6.76,7.338,7.969,8.332,8.588,8.983,9.25,9.777,10.759
187,-0.0799,7.3495,0.12198,5.07,5.551,5.855,6.023,6.292,6.481,6.771,7.35,7.982,8.345,8.602,8.997,9.264,9.793,10.777
188,-0.0808,7.3614,0.12197,5.078,5.561,5.865,6.033,6.302,6.491,6.782,7.361,7.995,8.359,8.615,9.012,9.279,9.809,10.794
189,-0.0818,7.3732,0.12196,5.087,5.57,5.874,6.043,6.313,6.502,6.793,7.373,8.008,8.372,8.629,9.026,9.294,9.825,10.812
190,-0.0828,7.3849,0.12195,5.095,5.579,5.884,6.053,6.323,6.512,6.804,7.385,8.02,8.385,8.643,9.04,9.309,9.841,10.83
191,-0.0837,7.3966,0.12194,5.104,5.588,5.893,6.062,6.333,6.523,6.815,7.397,8.033,8.399,8.657,9.055,9.324,9.856,10.847
192,-0.0847,7.4082,0.12192,5.113,5.597,5.903,6.072,6.343,6.533,6.825,7.408,8.045,8.412,8.67,9.069,9.339,9.872,10.864
193,-0.0857,7.4198,0.12191,5.121,5.607,5.913,6.082,6.353,6.544,6.836,7.42,8.058,8.425,8.684,9.083,9.353,9.887,10.882
194,-0.0866,7.4314,0.1219,5.13,5.616,5.922,6.092,6.363,6.554,6.847,7.431,8.071,8.438,8.697,9.097,9.368,9.903,10.899
195,-0.0875,7.4429,0.12189,5.138,5.625,5.932,6.101,6.373,6.564,6.857,7.443,8.083,8.451,8.711,9.111,9.382,9.918,10.917
196,-0.0885,7.4543,0.12188,5.146,5.634,5.941,6.111,6.383,6.574,6.868,7.454,8.095,8.464,8.724,9.125,9.397,9.934,10.934
197,-0.0894,7.4657,0.12188,5.155,5.642,5.95,6.12,6.393,6.584,6.879,7.466,8.108,8.477,8.737,9.14,9.411,9.949,10.951
198,-0.0904,7.477,0.12187,5.163,5.651,5.959,6.13,6.403,6.595,6.889,7.477,8.12,8.49,8.751,9.153,9.426,9.965,10.968
199,-0.0913,7.4883,0.12186,5.171,5.66,5.969,6.139,6.413,6.605,6.9,7.488,8.132,8.503,8.764,9.167,9.44,9.98,10.985
200,-0.0922,7.4995,0.12185,5.179,5.669,5.978,6.149,6.422,6.615,6.91,7.5,8.144,8.515,8.777,9.181,9.454,9.995,11.002
201,-0.0931,7.5107,0.12184,5.188,5.678,5.987,6.158,6.432,6.625,6.92,7.511,8.157,8.528,8.79,9.195,9.468,10.01,11.019
202,-0.094,7.5219,0.12184,5.196,5.686,5.996,6.167,6.442,6.635,6.931,7.522,8.169,8.541,8.803,9.209,9.483,10.025,11.036
203,-0.095,7.533,0.12183,5.204,5.695,6.005,6.177,6.451,6.644,6.941,7.533,8.181,8.553,8.816,9.222,9.497,10.04,11.053
204,-0.0959,7.544,0.12182,5.212,5.704,6.014,6.186,6.461,6.654,6.951,7.544,8.193,8.566,8.829,9.236,9.511,10.055,11.069
205,-0.0968,7.5551,0.12182,5.22,5.712,6.023,6.195,6.471,6.664,6.961,7.555,8.205,8.578,8.842,9.249,9.525,10.07,11.086
206,-0.0977,7.566,0.12181,5.228,5.721,6.032,6.204,6.48,6.674,6.972,7.566,8.217,8.591,8.855,9.263,9.539,10.085,11.103
207,-0.0986,7.5769,0.12181,5.236,5.729,6.041,6.213,6.49,6.683,6.982,7.577,8.228,8.603,8.868,9.276,9.553,10.1,11.119
208,-0.0995,7.5878,0.1218,5.244,5.738,6.05,6.222,6.499,6.693,6.992,7.588,8.24,8.616,8.881,9.29,9.567,10.114,11.136
209,-0.1003,7.5986,0.1218,5.251,5.746,6.059,6.231,6.508,6.703,7.002,7.599,8.252,8.628,8.893,9.303,9.58,10.129,11.152
210,-0.1012,7.6094,0.12179,5.259,5.755,6.067,6.241,6.518,6.712,7.012,7.609,8.264,8.64,8.906,9.316,9.594,10.144,11.169
211,-0.1021,7.6202,0.12179,5.267,5.763,6.076,6.249,6.527,6.722,7.022,7.62,8.275,8.653,8.919,9.33,9.608,10.158,11.185
212,-0.103,7.6309,0.12179,5.275,5.772,6.085,6.258,6.536,6.731,7.032,7.631,8.287,8.665,8.931,9.343,9.622,10.173,11.202
213,-0.1039,7.6416,0.12178,5.283,5.78,6.094,6.267,6.546,6.741,7.041,7.642,8.299,8.677,8.944,9.356,9.635,10.188,11.218
214,-0.1047,7.6522,0.12178,5.29,5.788,6.102,6.276,6.555,6.75,7.051,7.652,8.31,8.689,8.956,9.369,9.649,10.202,11.234
215,-0.1056,7.6628,0.12178,5.298,5.796,6.111,6.285,6.564,6.76,7.061,7.663,8.322,8.701,8.969,9.382,9.662,10.217,11.25
216,-0.1065,7.6733,0.12177,5.306,5.805,6.119,6.294,6.573,6.769,7.071,7.673,8.333,8.713,8.981,9.395,9.676,10.231,11.266
217,-0.1073,7.6838,0.12177,5.313,5.813,6.128,6.302,6.582,6.778,7.08,7.684,8.345,8.725,8.993,9.408,9.689,10.245,11.282
218,-0.1082,7.6943,0.12177,5.321,5.821,6.136,6.311,6.591,6.788,7.09,7.694,8.356,8.737,9.006,9.421,9.703,10.259,11.298
219,-0.109,7.7047,0.12177,5.328,5.829,6.145,6.32,6.6,6.797,7.1,7.705,8.367,8.749,9.018,9.434,9.716,10.274,11.314
220,-0.1099,7.7151,0.12177,5.336,5.837,6.153,6.328,6.609,6.806,7.109,7.715,8.379,8.761,9.03,9.447,9.729,10.288,11.33
221,-0.1107,7.7254,0.12177,5.343,5.845,6.162,6.337,6.618,6.815,7.119,7.725,8.39,8.772,9.042,9.46,9.742,10.302,11.346
222,-0.1116,7.7357,0.12177,5.351,5.853,6.17,6.346,6.627,6.825,7.128,7.736,8.401,8.784,9.055,9.473,9.756,10.316,11.362
223,-0.1124,7.746,0.12176,5.358,5.861,6.178,6.354,6.636,6.834,7.138,7.746,8.412,8.796,9.067,9.485,9.769,10.33,11.377
224,-0.1132,7.7562,0.12176,5.366,5.869,6.187,6.363,6.645,6.843,7.147,7.756,8.423,8.807,9.079,9.498,9.782,10.344,11.393
225,-0.1141,7.7664,0.12176,5.373,5.877,6.195,6.371,6.653,6.852,7.157,7.766,8.434,8.819,9.091,9.511,9.795,10.358,11.409
226,-0.1149,7.7766,0.12176,5.38,5.885,6.203,6.38,6.662,6.861,7.166,7.777,8.446,8.831,9.103,9.523,9.808,10.372,11.425
227,-0.1157,7.7867,0.12177,5.387,5.893,6.211,6.388,6.671,6.87,7.175,7.787,8.457,8.842,9.115,9.536,9.821,10.386,11.44
228,-0.1165,7.7968,0.12177,5.395,5.9,6.22,6.396,6.68,6.879,7.185,7.797,8.468,8.854,9.127,9.548,9.834,10.4,11.456
229,-0.1173,7.8068,0.12177,5.402,5.908,6.228,6.405,6.688,6.888,7.194,7.807,8.478,8.865,9.138,9.561,9.847,10.413,11.471
230,-0.1181,7.8169,0.12177,5.409,5.916,6.236,6.413,6.697,6.896,7.203,7.817,8.489,8.877,9.15,9.573,9.86,10.427,11.487
231,-0.119,7.8268,0.12177,5.416,5.924,6.244,6.421,6.706,6.905,7.213,7.827,8.5,8.888,9.162,9.586,9.873,10.441,11.502
232,-0.1198,7.8368,0.12177,5.424,5.931,6.252,6.43,6.714,6.914,7.222,7.837,8.511,8.9,9.174,9.598,9.885,10.454,11.518
233,-0.1206,7.8467,0.12177,5.431,5.939,6.26,6.438,6.723,6.923,7.231,7.847,8.522,8.911,9.186,9.61,9.898,10.468,11.533
234,-0.1214,7.8566,0.12178,5.438,5.947,6.268,6.446,6.731,6.932,7.24,7.857,8.533,8.922,9.197,9.623,9.911,10.482,11.548
235,-0.1222,7.8664,0.12178,5.445,5.954,6.276,6.454,6.74,6.94,7.249,7.866,8.543,8.933,9.209,9.635,9.924,10.495,11.564
236,-0.1229,7.8762,0.12178,5.452,5.962,6.284,6.462,6.748,6.949,7.258,7.876,8.554,8.945,9.22,9.647,9.936,10.509,11.579
237,-0.1237,7.886,0.12178,5.459,5.969,6.292,6.47,6.757,6.958,7.267,7.886,8.565,8.956,9.232,9.659,9.949,10.522,11.594
238,-0.1245,7.8957,0.12179,5.466,5.977,6.299,6.478,6.765,6.966,7.276,7.896,8.575,8.967,9.244,9.672,9.961,10.536,11.609
239,-0.1253,7.9054,0.12179,5.473,5.984,6.307,6.486,6.773,6.975,7.285,7.905,8.586,8.978,9.255,9.684,9.974,10.549,11.624
240,-0.1261,7.9151,0.12179,5.48,5.992,6.315,6.494,6.782,6.983,7.294,7.915,8.596,8.989,9.267,9.696,9.986,10.562,11.639
241,-0.1269,7.9247,0.1218,5.487,5.999,6.323,6.502,6.79,6.992,7.303,7.925,8.607,9.0,9.278,9.708,9.999,10.576,11.654
242,-0.1276,7.9343,0.1218,5.493,6.007,6.331,6.51,6.798,7.0,7.312,7.934,8.617,9.011,9.289,9.72,10.011,10.589,11.669
243,-0.1284,7.9439,0.1218,5.5,6.014,6.338,6.518,6.806,7.009,7.321,7.944,8.628,9.022,9.301,9.732,10.023,10.602,11.684
244,-0.1292,7.9534,0.12181,5.507,6.021,6.346,6.526,6.814,7.017,7.329,7.953,8.638,9.033,9.312,9.743,10.036,10.615,11.699
245,-0.1299,7.9629,0.12181,5.514,6.029,6.354,6.534,6.823,7.026,7.338,7.963,8.649,9.044,9.323,9.755,10.048,10.628,11.713
246,-0.1307,7.9724,0.12182,5.521,6.036,6.361,6.542,6.831,7.034,7.347,7.972,8.659,9.055,9.335,9.767,10.06,10.642,11.728
247,-0.1314,7.9819,0.12182,5.528,6.043,6.369,6.55,6.839,7.042,7.356,7.982,8.669,9.066,9.346,9.779,10.073,10.655,11.743
248,-0.1322,7.9913,0.12182,5.534,6.05,6.377,6.557,6.847,7.051,7.364,7.991,8.68,9.076,9.357,9.791,10.085,10.667,11.758
249,-0.1329,8.0007,0.12183,5.541,6.058,6.384,6.565,6.855,7.059,7.373,8.001,8.69,9.087,9.368,9.803,10.097,10.681,11.772
250,-0.1337,8.01,0.12183,5.548,6.065,6.392,6.573,6.863,7.067,7.381,8.01,8.7,9.098,9.379,9.814,10.109,10.693,11.787
251,-0.1344,8.0193,0.12184,5.554,6.072,6.399,6.58,6.871,7.075,7.39,8.019,8.71,9.109,9.39,9.826,10.121,10.706,11.801
252,-0.1352,8.0286,0.12185,5.561,6.079,6.407,6.588,6.879,7.084,7.398,8.029,8.72,9.119,9.401,9.837,10.133,10.719,11.816
253,-0.1359,8.0379,0.12185,5.567,6.086,6.414,6.596,6.887,7.092,7.407,8.038,8.73,9.13,9.412,9.849,10.145,10.732,11.831
254,-0.1367,8.0471,0.12186,5.574,6.093,6.421,6.603,6.895,7.1,7.416,8.047,8.741,9.14,9.423,9.861,10.157,10.745,11.845
255,-0.1374,8.0563,0.12186,5.581,6.1,6.429,6.611,6.903,7.108,7.424,8.056,8.751,9.151,9.434,9.872,10.169,10.758,11.859
256,-0.1381,8.0655,0.12187,5.587,6.107,6.436,6.618,6.911,7.116,7.432,8.066,8.761,9.162,9.445,9.884,10.181,10.77,11.874
257,-0.1388,8.0746,0.12187,5.594,6.114,6.444,6.626,6.919,7.124,7.441,8.075,8.771,9.172,9.456,9.895,10.193,10.783,11.888
258,-0.1396,8.0837,0.12188,5.6,6.121,6.451,6.633,6.926,7.132,7.449,8.084,8.78,9.182,9.467,9.906,10.204,10.796,11.903
259,-0.1403,8.0928,0.12189,5.606,6.128,6.458,6.641,6.934,7.14,7.458,8.093,8.79,9.193,9.477,9.918,10.216,10.808,11.917
260,-0.141,8.1019,0.12189,5.613,6.135,6.465,6.648,6.942,7.148,7.466,8.102,8.8,9.203,9.488,9.929,10.228,10.821,11.931
261,-0.1417,8.1109,0.1219,5.619,6.142,6.473,6.656,6.95,7.156,7.474,8.111,8.81,9.214,9.499,9.941,10.24,10.834,11.945
262,-0.1424,8.1199,0.1219,5.626,6.149,6.48,6.663,6.957,7.164,7.483,8.12,8.82,9.224,9.51,9.952,10.251,10.846,11.959
263,-0.1431,8.1289,0.12191,5.632,6.156,6.487,6.671,6.965,7.172,7.491,8.129,8.83,9.234,9.52,9.963,10.263,10.858,11.973
264,-0.1438,8.1378,0.12192,5.638,6.163,6.494,6.678,6.973,7.18,7.499,8.138,8.84,9.245,9.531,9.974,10.275,10.871,11.988
265,-0.1445,8.1468,0.12192,5.645,6.17,6.502,6.685,6.98,7.188,7.507,8.147,8.849,9.255,9.542,9.985,10.286,10.883,12.001
266,-0.1452,8.1557,0.12193,5.651,6.176,6.509,6.693,6.988,7.196,7.515,8.156,8.859,9.265,9.552,9.997,10.298,10.896,12.016
267,-0.1459,8.1645,0.12194,5.657,6.183,6.516,6.7,6.996,7.203,7.524,8.165,8.869,9.275,9.563,10.008,10.309,10.908,12.03
268,-0.1466,8.1734,0.12194,5.664,6.19,6.523,6.707,7.003,7.211,7.532,8.173,8.878,9.285,9.573,10.019,10.321,10.92,12.043
269,-0.1473,8.1822,0.12195,5.67,6.197,6.53,6.715,7.011,7.219,7.54,8.182,8.888,9.296,9.584,10.03,10.332,10.933,12.057
270,-0.148,8.191,0.12196,5.676,6.203,6.537,6.722,7.018,7.227,7.548,8.191,8.898,9.306,9.594,10.041,10.344,10.945,12.071
271,-0.1487,8.1998,0.12197,5.682,6.21,6.544,6.729,7.026,7.235,7.556,8.2,8.907,9.316,9.605,10.052,10.355,10.957,12.085
272,-0.1494,8.2085,0.12197,5.689,6.217,6.551,6.736,7.033,7.242,7.564,8.209,8.917,9.326,9.615,10.063,10.367,10.969,12.099
273,-0.1501,8.2172,0.12198,5.695,6.224,6.558,6.743,7.041,7.25,7.572,8.217,8.926,9.336,9.626,10.074,10.378,10.982,12.113
274,-0.1507,8.2259,0.12199,5.701,6.23,6.565,6.75,7.048,7.258,7.58,8.226,8.936,9.346,9.636,10.085,10.389,10.994,12.127
275,-0.1514,8.2346,0.12199,5.707,6.237,6.572,6.758,7.056,7.265,7.588,8.235,8.945,9.356,9.646,10.096,10.401,11.006,12.14
276,-0.1521,8.2432,0.122,5.713,6.243,6.579,6.765,7.063,7.273,7.596,8.243,8.955,9.366,9.656,10.107,10.412,11.018,12.154
277,-0.1528,8.2519,0.12201,5.719,6.25,6.586,6.772,7.07,7.28,7.604,8.252,8.964,9.376,9.667,10.118,10.423,11.03,12.168
278,-0.1534,8.2605,0.12202,5.725,6.257,6.593,6.779,7.078,7.288,7.612,8.261,8.974,9.386,9.677,10.128,10.434,11.042,12.181
279,-0.1541,8.269,0.12202,5.732,6.263,6.599,6.786,7.085,7.296,7.62,8.269,8.983,9.395,9.687,10.139,10.445,11.054,12.194
280,-0.1547,8.2776,0.12203,5.738,6.27,6.606,6.793,7.092,7.303,7.628,8.278,8.992,9.405,9.697,10.15,10.457,11.066,12.208
281,-0.1554,8.2861,0.12204,5.744,6.276,6.613,6.8,7.1,7.311,7.635,8.286,9.002,9.415,9.708,10.161,10.468,11.078,12.222
282,-0.1561,8.2946,0.12205,5.75,6.283,6.62,6.807,7.107,7.318,7.643,8.295,9.011,9.425,9.718,10.171,10.479,11.09,12.235
283,-0.1567,8.3031,0.12206,5.756,6.289,6.627,6.814,7.114,7.325,7.651,8.303,9.02,9.435,9.728,10.182,10.49,11.102,12.249
284,-0.1574,8.3116,0.12206,5.762,6.296,6.634,6.821,7.122,7.333,7.659,8.312,9.03,9.445,9.738,10.193,10.501,11.113,12.262
285,-0.158,8.3201,0.12207,5.768,6.302,6.64,6.828,7.129,7.34,7.667,8.32,9.039,9.454,9.748,10.203,10.512,11.125,12.276
286,-0.1587,8.3285,0.12208,5.774,6.308,6.647,6.835,7.136,7.348,7.674,8.329,9.048,9.464,9.758,10.214,10.523,11.137,12.289
287,-0.1593,8.3369,0.12209,5.779,6.315,6.654,6.842,7.143,7.355,7.682,8.337,9.057,9.474,9.768,10.225,10.534,11.149,12.302
288,-0.1599,8.3453,0.12209,5.785,6.321,6.66,6.849,7.15,7.363,7.69,8.345,9.067,9.483,9.778,10.235,10.545,11.16,12.315
289,-0.1606,8.3536,0.1221,5.791,6.328,6.667,6.855,7.157,7.37,7.697,8.354,9.076,9.493,9.788,10.246,10.556,11.172,12.329
290,-0.1612,8.362,0.12211,5.797,6.334,6.674,6.862,7.165,7.377,7.705,8.362,9.085,9.503,9.798,10.256,10.567,11.184,12.342
291,-0.1618,8.3703,0.12212,5.803,6.34,6.68,6.869,7.172,7.385,7.713,8.37,9.094,9.512,9.808,10.267,10.578,11.196,12.355
292,-0.1625,8.3786,0.12213,5.809,6.347,6.687,6.876,7.179,7.392,7.72,8.379,9.103,9.522,9.818,10.277,10.589,11.207,12.369
293,-0.1631,8.3869,0.12213,5.815,6.353,6.694,6.883,7.186,7.399,7.728,8.387,9.112,9.531,9.828,10.287,10.599,11.219,12.381
294,-0.1637,8.3952,0.12214,5.821,6.359,6.7,6.889,7.193,7.407,7.736,8.395,9.121,9.541,9.838,10.298,10.61,11.23,12.395
295,-0.1643,8.4035,0.12215,5.827,6.366,6.707,6.896,7.2,7.414,7.743,8.404,9.13,9.55,9.848,10.308,10.621,11.242,12.408
296,-0.165,8.4117,0.12216,5.832,6.372,6.713,6.903,7.207,7.421,7.751,8.412,9.139,9.56,9.858,10.319,10.632,11.254,12.421
297,-0.1656,8.4199,0.12217,5.838,6.378,6.72,6.91,7.214,7.428,7.758,8.42,9.148,9.569,9.867,10.329,10.643,11.265,12.434
298,-0.1662,8.4281,0.12218,5.844,6.384,6.727,6.916,7.221,7.435,7.766,8.428,9.157,9.579,9.877,10.34,10.653,11.277,12.447
299,-0.1668,8.4363,0.12218,5.85,6.391,6.733,6.923,7.228,7.443,7.773,8.436,9.166,9.588,9.887,10.35,10.664,11.288,12.46
300,-0.1674,8.4445,0.12219,5.855,6.397,6.74,6.93,7.235,7.45,7.781,8.445,9.175,9.598,9.897,10.36,10.675,11.299,12.473
301,-0.168,8.4526,0.1222,5.861,6.403,6.746,6.936,7.242,7.457,7.788,8.453,9.184,9.607,9.906,10.37,10.685,11.311,12.486
302,-0.1686,8.4607,0.12221,5.867,6.409,6.753,6.943,7.249,7.464,7.796,8.461,9.193,9.616,9.916,10.381,10.696,11.322,12.499
303,-0.1692,8.4688,0.12222,5.872,6.415,6.759,6.95,7.256,7.471,7.803,8.469,9.202,9.626,9.926,10.391,10.706,11.334,12.512
304,-0.1698,8.4769,0.12222,5.878,6.422,6.766,6.956,7.263,7.478,7.811,8.477,9.211,9.635,9.935,10.401,10.717,11.345,12.525
305,-0.1704,8.485,0.12223,5.884,6.428,6.772,6.963,7.27,7.485,7.818,8.485,9.22,9.644,9.945,10.411,10.728,11.356,12.537
306,-0.171,8.4931,0.12224,5.89,6.434,6.778,6.97,7.277,7.493,7.825,8.493,9.228,9.654,9.955,10.421,10.738,11.368,12.55
307,-0.1716,8.5011,0.12225,5.895,6.44,6.785,6.976,7.283,7.5,7.833,8.501,9.237,9.663,9.964,10.432,10.749,11.379,12.563
308,-0.1722,8.5092,0.12226,5.901,6.446,6.791,6.983,7.29,7.507,7.84,8.509,9.246,9.672,9.974,10.442,10.759,11.39,12.576
309,-0.1728,8.5172,0.12227,5.907,6.452,6.798,6.989,7.297,7.514,7.848,8.517,9.255,9.682,9.984,10.452,10.77,11.402,12.589
310,-0.1734,8.5252,0.12227,5.912,6.458,6.804,6.996,7.304,7.521,7.855,8.525,9.264,9.691,9.993,10.462,10.78,11.413,12.601
311,-0.174,8.5332,0.12228,5.918,6.464,6.81,7.003,7.311,7.528,7.862,8.533,9.272,9.7,10.003,10.472,10.791,11.424,12.614
312,-0.1745,8.5411,0.12229,5.923,6.47,6.817,7.009,7.318,7.535,7.869,8.541,9.281,9.709,10.012,10.482,10.801,11.435,12.627
313,-0.1751,8.5491,0.1223,5.929,6.476,6.823,7.016,7.324,7.542,7.877,8.549,9.29,9.718,10.022,10.492,10.811,11.446,12.64
314,-0.1757,8.557,0.12231,5.935,6.482,6.829,7.022,7.331,7.549,7.884,8.557,9.298,9.727,10.031,10.502,10.822,11.457,12.652
315,-0.1763,8.565,0.12231,5.94,6.489,6.836,7.029,7.338,7.556,7.891,8.565,9.307,9.737,10.041,10.512,10.832,11.469,12.665
316,-0.1768,8.5729,0.12232,5.946,6.495,6.842,7.035,7.345,7.563,7.899,8.573,9.316,9.746,10.05,10.522,10.843,11.48,12.677
317,-0.1774,8.5808,0.12233,5.951,6.501,6.848,7.041,7.351,7.57,7.906,8.581,9.325,9.755,10.06,10.532,10.853,11.491,12.69
318,-0.178,8.5887,0.12234,5.957,6.507,6.855,7.048,7.358,7.577,7.913,8.589,9.333,9.764,10.069,10.542,10.863,11.502,12.703
319,-0.1785,8.5965,0.12235,5.962,6.512,6.861,7.054,7.365,7.583,7.92,8.597,9.342,9.773,10.078,10.552,10.874,11.513,12.715
320,-0.1791,8.6044,0.12235,5.968,6.519,6.867,7.061,7.372,7.59,7.928,8.604,9.35,9.782,10.088,10.562,10.884,11.524,12.728
321,-0.1797,8.6122,0.12236,5.974,6.525,6.874,7.067,7.378,7.597,7.935,8.612,9.359,9.791,10.097,10.572,10.894,11.535,12.74
322,-0.1802,8.6201,0.12237,5.979,6.53,6.88,7.074,7.385,7.604,7.942,8.62,9.368,9.8,10.106,10.582,10.904,11.546,12.753
323,-0.1808,8.6279,0.12238,5.985,6.536,6.886,7.08,7.392,7.611,7.949,8.628,9.376,9.809,10.116,10.592,10.915,11.557,12.765
324,-0.1813,8.6357,0.12239,5.99,6.542,6.892,7.086,7.398,7.618,7.956,8.636,9.385,9.818,10.125,10.601,10.925,11.568,12.778
325,-0.1819,8.6435,0.12239,5.996,6.548,6.899,7.093,7.405,7.625,7.964,8.644,9.393,9.827,10.134,10.611,10.935,11.579,12.79
326,-0.1824,8.6512,0.1224,6.001,6.554,6.905,7.099,7.412,7.631,7.971,8.651,9.402,9.836,10.144,10.621,10.945,11.59,12.802
327,-0.183,8.659,0.12241,6.007,6.56,6.911,7.106,7.418,7.638,7.978,8.659,9.41,9.845,10.153,10.631,10.955,11.601,12.815
328,-0.1835,8.6667,0.12242,6.012,6.566,6.917,7.112,7.425,7.645,7.985,8.667,9.419,9.854,10.162,10.64,10.965,11.611,12.827
329,-0.1841,8.6745,0.12243,6.017,6.572,6.923,7.118,7.431,7.652,7.992,8.675,9.427,9.863,10.172,10.65,10.976,11.622,12.84
330,-0.1846,8.6822,0.12243,6.023,6.578,6.929,7.125,7.438,7.659,7.999,8.682,9.436,9.872,10.181,10.66,10.986,11.633,12.852
331,-0.1851,8.6899,0.12244,6.028,6.584,6.935,7.131,7.445,7.665,8.006,8.69,9.444,9.881,10.19,10.67,10.996,11.644,12.864
332,-0.1857,8.6976,0.12245,6.034,6.589,6.942,7.137,7.451,7.672,8.013,8.698,9.452,9.89,10.199,10.679,11.006,11.655,12.876
333,-0.1862,8.7053,0.12246,6.039,6.595,6.948,7.143,7.458,7.679,8.02,8.705,9.461,9.898,10.208,10.689,11.016,11.666,12.889
334,-0.1867,8.713,0.12246,6.045,6.601,6.954,7.15,7.464,7.686,8.027,8.713,9.469,9.907,10.217,10.699,11.026,11.676,12.901
335,-0.1873,8.7207,0.12247,6.05,6.607,6.96,7.156,7.471,7.693,8.034,8.721,9.478,9.916,10.227,10.709,11.036,11.687,12.913
336,-0.1878,8.7283,0.12248,6.055,6.613,6.966,7.162,7.477,7.699,8.041,8.728,9.486,9.925,10.236,10.718,11.046,11.698,12.925
337,-0.1883,8.736,0.12249,6.061,6.619,6.972,7.169,7.484,7.706,8.048,8.736,9.495,9.934,10.245,10.728,11.056,11.709,12.938
338,-0.1889,8.7436,0.12249,6.066,6.624,6.978,7.175,7.49,7.713,8.055,8.744,9.503,9.943,10.254,10.737,11.066,11.719,12.95
339,-0.1894,8.7512,0.1225,6.071,6.63,6.984,7.181,7.497,7.719,8.062,8.751,9.511,9.951,10.263,10.747,11.076,11.73,12.962
340,-0.1899,8.7588,0.12251,6.077,6.636,6.99,7.187,7.503,7.726,8.069,8.759,9.52,9.96,10.272,10.757,11.086,11.741,12.974
341,-0.1904,8.7664,0.12252,6.082,6.642,6.996,7.193,7.51,7.733,8.076,8.766,9.528,9.969,10.281,10.766,11.096,11.751,12.986
342,-0.1909,8.774,0.12252,6.087,6.648,7.003,7.2,7.516,7.739,8.083,8.774,9.536,9.978,10.29,10.776,11.106,11.762,12.998
343,-0.1914,8.7816,0.12253,6.093,6.653,7.009,7.206,7.523,7.746,8.09,8.782,9.544,9.986,10.299,10.785,11.116,11.773,13.01
344,-0.192,8.7892,0.12254,6.098,6.659,7.015,7.212,7.529,7.753,8.097,8.789,9.553,9.995,10.309,10.795,11.126,11.783,13.022
345,-0.1925,8.7968,0.12254,6.104,6.665,7.021,7.218,7.536,7.759,8.104,8.797,9.561,10.004,10.318,10.805,11.135,11.794,13.034
346,-0.193,8.8043,0.12255,6.109,6.671,7.027,7.225,7.542,7.766,8.111,8.804,9.569,10.013,10.327,10.814,11.145,11.804,13.046
347,-0.1935,8.8119,0.12256,6.114,6.676,7.033,7.231,7.549,7.773,8.118,8.812,9.578,10.021,10.336,10.824,11.155,11.815,13.058
348,-0.194,8.8194,0.12256,6.12,6.682,7.039,7.237,7.555,7.779,8.125,8.819,9.586,10.03,10.345,10.833,11.165,11.826,13.07
349,-0.1945,8.8269,0.12257,6.125,6.688,7.045,7.243,7.562,7.786,8.132,8.827,9.594,10.039,10.354,10.842,11.175,11.836,13.082
350,-0.195,8.8344,0.12258,6.13,6.693,7.051,7.249,7.568,7.792,8.139,8.834,9.602,10.047,10.363,10.852,11.185,11.847,13.094
351,-0.1955,8.842,0.12259,6.135,6.699,7.057,7.255,7.574,7.799,8.146,8.842,9.611,10.056,10.372,10.862,11.195,11.857,13.106
352,-0.196,8.8495,0.12259,6.141,6.705,7.063,7.262,7.581,7.806,8.153,8.85,9.619,10.065,10.381,10.871,11.204,11.868,13.118
353,-0.1965,8.8569,0.1226,6.146,6.711,7.069,7.268,7.587,7.812,8.159,8.857,9.627,10.073,10.389,10.88,11.214,11.878,13.13
354,-0.197,8.8644,0.12261,6.151,6.716,7.075,7.274,7.594,7.819,8.166,8.864,9.635,10.082,10.398,10.89,11.224,11.889,13.142
355,-0.1974,8.8719,0.12261,6.156,6.722,7.081,7.28,7.6,7.825,8.173,8.872,9.643,10.09,10.407,10.899,11.234,11.899,13.154
356,-0.1979,8.8794,0.12262,6.162,6.728,7.087,7.286,7.606,7.832,8.18,8.879,9.652,10.099,10.416,10.909,11.243,11.91,13.166
357,-0.1984,8.8868,0.12262,6.167,6.733,7.093,7.292,7.613,7.839,8.187,8.887,9.66,10.108,10.425,10.918,11.253,11.92,13.177
358,-0.1989,8.8943,0.12263,6.172,6.739,7.099,7.298,7.619,7.845,8.194,8.894,9.668,10.116,10.434,10.927,11.263,11.931,13.189
359,-0.1994,8.9017,0.12264,6.177,6.745,7.105,7.304,7.625,7.852,8.201,8.902,9.676,10.125,10.443,10.937,11.273,11.941,13.201
360,-0.1999,8.9092,0.12264,6.183,6.751,7.111,7.311,7.632,7.858,8.207,8.909,9.684,10.133,10.452,10.946,11.282,11.951,13.213
361,-0.2003,8.9166,0.12265,6.188,6.756,7.116,7.317,7.638,7.865,8.214,8.917,9.692,10.142,10.461,10.956,11.292,11.962,13.225
362,-0.2008,8.924,0.12266,6.193,6.762,7.122,7.323,7.644,7.871,8.221,8.924,9.7,10.151,10.47,10.965,11.302,11.972,13.237
363,-0.2013,8.9314,0.12266,6.198,6.767,7.128,7.329,7.651,7.878,8.228,8.931,9.709,10.159,10.478,10.974,11.311,11.982,13.248
364,-0.2018,8.9388,0.12267,6.204,6.773,7.134,7.335,7.657,7.884,8.235,8.939,9.717,10.168,10.487,10.984,11.321,11.993,13.26
365,-0.2022,8.9462,0.12267,6.209,6.779,7.14,7.341,7.663,7.891,8.241,8.946,9.725,10.176,10.496,10.993,11.331,12.003,13.272
366,-0.2027,8.9536,0.12268,6.214,6.784,7.146,7.347,7.67,7.897,8.248,8.954,9.733,10.185,10.505,11.002,11.34,12.014,13.284
367,-0.2032,8.961,0.12269,6.219,6.79,7.152,7.353,7.676,7.904,8.255,8.961,9.741,10.193,10.514,11.012,11.35,12.024,13.295
368,-0.2036,8.9684,0.12269,6.224,6.796,7.158,7.359,7.682,7.91,8.262,8.968,9.749,10.202,10.522,11.021,11.36,12.034,13.307
369,-0.2041,8.9757,0.1227,6.23,6.801,7.164,7.365,7.689,7.917,8.268,8.976,9.757,10.21,10.531,11.03,11.369,12.045,13.319
370,-0.2046,8.9831,0.1227,6.235,6.807,7.17,7.371,7.695,7.923,8.275,8.983,9.765,10.218,10.54,11.039,11.379,12.055,13.33
371,-0.205,8.9904,0.12271,6.24,6.812,7.175,7.377,7.701,7.93,8.282,8.99,9.773,10.227,10.549,11.048,11.388,12.065,13.342
372,-0.2055,8.9978,0.12272,6.245,6.818,7.181,7.383,7.708,7.936,8.289,8.998,9.781,10.236,10.558,11.058,11.398,12.076,13.354
373,-0.2059,9.0051,0.12272,6.25,6.824,7.187,7.389,7.714,7.943,8.296,9.005,9.789,10.244,10.566,11.067,11.407,12.086,13.365
374,-0.2064,9.0125,0.12273,6.255,6.829,7.193,7.395,7.72,7.949,8.302,9.013,9.797,10.252,10.575,11.076,11.417,12.096,13.377
375,-0.2068,9.0198,0.12273,6.261,6.835,7.199,7.401,7.726,7.956,8.309,9.02,9.805,10.261,10.584,11.085,11.427,12.106,13.388
376,-0.2073,9.0271,0.12274,6.266,6.84,7.205,7.407,7.733,7.962,8.316,9.027,9.813,10.269,10.593,11.095,11.436,12.116,13.4
377,-0.2077,9.0344,0.12274,6.271,6.846,7.211,7.413,7.739,7.968,8.322,9.034,9.821,10.278,10.601,11.104,11.446,12.126,13.411
378,-0.2082,9.0417,0.12275,6.276,6.851,7.216,7.419,7.745,7.975,8.329,9.042,9.829,10.286,10.61,11.113,11.455,12.137,13.423
379,-0.2086,9.049,0.12275,6.281,6.857,7.222,7.425,7.751,7.981,8.336,9.049,9.837,10.294,10.619,11.122,11.465,12.147,13.435
380,-0.2091,9.0563,0.12276,6.286,6.863,7.228,7.431,7.758,7.988,8.343,9.056,9.845,10.303,10.627,11.131,11.474,12.157,13.446
381,-0.2095,9.0636,0.12276,6.292,6.868,7.234,7.437,7.764,7.994,8.349,9.064,9.853,10.311,10.636,11.14,11.484,12.167,13.458
382,-0.21,9.0709,0.12277,6.297,6.874,7.24,7.443,7.77,8.0,8.356,9.071,9.861,10.32,10.645,11.15,11.493,12.178,13.469
383,-0.2104,9.0782,0.12277,6.302,6.879,7.246,7.449,7.776,8.007,8.363,9.078,9.869,10.328,10.653,11.159,11.503,12.188,13.481
384,-0.2108,9.0854,0.12278,6.307,6.885,7.251,7.455,7.782,8.013,8.369,9.085,9.877,10.336,10.662,11.168,11.512,12.198,13.492
385,-0.2113,9.0927,0.12278,6.312,6.89,7.257,7.461,7.789,8.02,8.376,9.093,9.885,10.345,10.671,11.177,11.522,12.208,13.504
386,-0.2117,9.0999,0.12279,6.317,6.896,7.263,7.467,7.795,8.026,8.383,9.1,9.893,10.353,10.679,11.186,11.531,12.218,13.515
387,-0.2121,9.1072,0.12279,6.322,6.901,7.269,7.473,7.801,8.032,8.389,9.107,9.901,10.361,10.688,11.195,11.54,12.228,13.527
388,-0.2126,9.1144,0.1228,6.328,6.907,7.275,7.479,7.807,8.039,8.396,9.114,9.909,10.37,10.697,11.204,11.55,12.238,13.538
389,-0.213,9.1217,0.1228,6.333,6.913,7.28,7.485,7.814,8.045,8.403,9.122,9.917,10.378,10.705,11.213,11.559,12.248,13.55
390,-0.2134,9.1289,0.12281,6.338,6.918,7.286,7.491,7.82,8.052,8.409,9.129,9.925,10.386,10.714,11.223,11.569,12.259,13.561
391,-0.2139,9.1361,0.12281,6.343,6.924,7.292,7.497,7.826,8.058,8.416,9.136,9.932,10.395,10.722,11.232,11.578,12.268,13.572
392,-0.2143,9.1434,0.12282,6.348,6.929,7.298,7.503,7.832,8.064,8.423,9.143,9.94,10.403,10.731,11.241,11.588,12.279,13.584
393,-0.2147,9.1506,0.12282,6.353,6.935,7.304,7.509,7.838,8.071,8.429,9.151,9.948,10.411,10.74,11.25,11.597,12.289,13.595
394,-0.2151,9.1578,0.12282,6.358,6.94,7.309,7.515,7.844,8.077,8.436,9.158,9.956,10.419,10.748,11.259,11.606,12.299,13.606
395,-0.2155,9.165,0.12283,6.363,6.946,7.315,7.52,7.851,8.083,8.442,9.165,9.964,10.428,10.757,11.268,11.616,12.309,13.618
396,-0.216,9.1722,0.12283,6.368,6.951,7.321,7.526,7.857,8.09,8.449,9.172,9.972,10.436,10.765,11.277,11.625,12.319,13.629
397,-0.2164,9.1794,0.12284,6.373,6.957,7.327,7.532,7.863,8.096,8.456,9.179,9.98,10.444,10.774,11.286,11.634,12.329,13.641
398,-0.2168,9.1866,0.12284,6.379,6.962,7.332,7.538,7.869,8.102,8.462,9.187,9.988,10.453,10.782,11.295,11.644,12.339,13.652
399,-0.2172,9.1938,0.12285,6.384,6.968,7.338,7.544,7.875,8.109,8.469,9.194,9.996,10.461,10.791,11.304,11.653,12.349,13.664
400,-0.2176,9.2009,0.12285,6.389,6.973,7.344,7.55,7.881,8.115,8.475,9.201,10.003,10.469,10.8,11.313,11.662,12.359,13.675
401,-0.218,9.2081,0.12285,6.394,6.979,7.35,7.556,7.888,8.121,8.482,9.208,10.011,10.477,10.808,11.322,11.672,12.369,13.686
402,-0.2184,9.2153,0.12286,6.399,6.984,7.355,7.562,7.894,8.128,8.489,9.215,10.019,10.486,10.817,11.331,11.681,12.379,13.697
403,-0.2188,9.2225,0.12286,6.404,6.99,7.361,7.568,7.9,8.134,8.495,9.223,10.027,10.494,10.825,11.34,11.69,12.389,13.708
404,-0.2192,9.2296,0.12287,6.409,6.995,7.367,7.574,7.906,8.14,8.502,9.23,10.035,10.502,10.834,11.349,11.7,12.399,13.72
405,-0.2196,9.2368,0.12287,6.414,7.0,7.373,7.58,7.912,8.147,8.509,9.237,10.043,10.51,10.842,11.358,11.709,12.409,13.731
406,-0.22,9.2439,0.12287,6.419,7.006,7.378,7.585,7.918,8.153,8.515,9.244,10.05,10.518,10.851,11.367,11.718,12.418,13.742
407,-0.2204,9.2511,0.12288,6.424,7.011,7.384,7.591,7.924,8.159,8.522,9.251,10.058,10.527,10.859,11.376,11.728,12.429,13.754
408,-0.2208,9.2582,0.12288,6.429,7.017,7.39,7.597,7.93,8.165,8.528,9.258,10.066,10.535,10.868,11.385,11.737,12.438,13.765
409,-0.2212,9.2654,0.12288,6.434,7.022,7.396,7.603,7.937,8.172,8.535,9.265,10.074,10.543,10.876,11.394,11.746,12.448,13.776
410,-0.2216,9.2725,0.12289,6.439,7.028,7.401,7.609,7.943,8.178,8.541,9.273,10.082,10.551,10.885,11.403,11.755,12.458,13.787
411,-0.222,9.2796,0.12289,6.444,7.033,7.407,7.615,7.949,8.184,8.548,9.28,10.089,10.559,10.893,11.412,11.765,12.468,13.798
412,-0.2224,9.2867,0.12289,6.45,7.039,7.413,7.621,7.955,8.191,8.554,9.287,10.097,10.568,10.901,11.42,11.774,12.478,13.809
413,-0.2228,9.2939,0.1229,6.455,7.044,7.418,7.626,7.961,8.197,8.561,9.294,10.105,10.576,10.91,11.43,11.783,12.488,13.821
414,-0.2232,9.301,0.1229,6.46,7.05,7.424,7.632,7.967,8.203,8.568,9.301,10.113,10.584,10.919,11.438,11.792,12.498,13.832
415,-0.2236,9.3081,0.1229,6.465,7.055,7.43,7.638,7.973,8.209,8.574,9.308,10.12,10.592,10.927,11.447,11.801,12.508,13.843
416,-0.224,9.3152,0.12291,6.47,7.06,7.435,7.644,7.979,8.216,8.581,9.315,10.128,10.6,10.935,11.456,11.811,12.518,13.854
417,-0.2243,9.3223,0.12291,6.475,7.066,7.441,7.65,7.985,8.222,8.587,9.322,10.136,10.608,10.944,11.465,11.82,12.527,13.865
418,-0.2247,9.3294,0.12291,6.48,7.071,7.447,7.656,7.992,8.228,8.594,9.329,10.144,10.617,10.952,11.474,11.829,12.537,13.876
419,-0.2251,9.3365,0.12292,6.485,7.077,7.453,7.662,7.998,8.234,8.6,9.337,10.152,10.625,10.961,11.483,11.838,12.547,13.888
420,-0.2255,9.3436,0.12292,6.49,7.082,7.458,7.667,8.004,8.241,8.607,9.344,10.159,10.633,10.969,11.492,11.848,12.557,13.899
421,-0.2259,9.3507,0.12292,6.495,7.088,7.464,7.673,8.01,8.247,8.613,9.351,10.167,10.641,10.978,11.501,11.857,12.567,13.91
422,-0.2262,9.3578,0.12292,6.5,7.093,7.47,7.679,8.016,8.253,8.62,9.358,10.175,10.649,10.986,11.509,11.866,12.577,13.921
423,-0.2266,9.3649,0.12293,6.505,7.098,7.475,7.685,8.022,8.26,8.626,9.365,10.183,10.657,10.994,11.518,11.875,12.587,13.932
424,-0.227,9.372,0.12293,6.51,7.104,7.481,7.691,8.028,8.266,8.633,9.372,10.19,10.665,11.003,11.527,11.884,12.596,13.943
425,-0.2274,9.379,0.12293,6.515,7.109,7.487,7.697,8.034,8.272,8.639,9.379,10.198,10.674,11.011,11.536,11.893,12.606,13.954
426,-0.2277,9.3861,0.12294,6.52,7.115,7.492,7.702,8.04,8.278,8.646,9.386,10.206,10.682,11.02,11.545,11.903,12.616,13.965
427,-0.2281,9.3932,0.12294,6.525,7.12,7.498,7.708,8.046,8.284,8.652,9.393,10.213,10.69,11.028,11.554,11.912,12.626,13.977
428,-0.2285,9.4002,0.12294,6.53,7.126,7.504,7.714,8.052,8.291,8.659,9.4,10.221,10.698,11.036,11.563,11.921,12.635,13.987
429,-0.2288,9.4073,0.12294,6.535,7.131,7.51,7.72,8.058,8.297,8.665,9.407,10.229,10.706,11.045,11.571,11.93,12.645,13.998
430,-0.2292,9.4144,0.12295,6.54,7.136,7.515,7.726,8.064,8.303,8.672,9.414,10.237,10.714,11.053,11.58,11.939,12.655,14.01
431,-0.2296,9.4214,0.12295,6.545,7.142,7.521,7.732,8.07,8.309,8.678,9.421,10.244,10.722,11.062,11.589,11.948,12.665,14.021
432,-0.2299,9.4285,0.12295,6.55,7.147,7.527,7.737,8.076,8.316,8.685,9.429,10.252,10.73,11.07,11.598,11.957,12.675,14.032
433,-0.2303,9.4355,0.12295,6.555,7.153,7.532,7.743,8.083,8.322,8.691,9.436,10.26,10.738,11.078,11.607,11.966,12.684,14.042
434,-0.2307,9.4426,0.12295,6.56,7.158,7.538,7.749,8.089,8.328,8.698,9.443,10.267,10.746,11.087,11.615,11.976,12.694,14.053
435,-0.231,9.4496,0.12296,6.565,7.163,7.543,7.755,8.095,8.334,8.704,9.45,10.275,10.755,11.095,11.624,11.985,12.704,14.065
436,-0.2314,9.4567,0.12296,6.57,7.169,7.549,7.761,8.101,8.341,8.711,9.457,10.283,10.763,11.103,11.633,11.994,12.714,14.076
437,-0.2317,9.4637,0.12296,6.575,7.174,7.555,7.766,8.107,8.347,8.717,9.464,10.29,10.771,11.112,11.642,12.003,12.723,14.086
438,-0.2321,9.4707,0.12296,6.58,7.18,7.56,7.772,8.113,8.353,8.724,9.471,10.298,10.779,11.12,11.651,12.012,12.733,14.097
439,-0.2324,9.4778,0.12296,6.585,7.185,7.566,7.778,8.119,8.359,8.73,9.478,10.306,10.787,11.128,11.659,12.021,12.743,14.108
440,-0.2328,9.4848,0.12297,6.59,7.19,7.572,7.784,8.125,8.365,8.737,9.485,10.313,10.795,11.137,11.668,12.03,12.753,14.12
441,-0.2331,9.4918,0.12297,6.595,7.196,7.577,7.79,8.131,8.372,8.743,9.492,10.321,10.803,11.145,11.677,12.039,12.762,14.13
442,-0.2335,9.4988,0.12297,6.6,7.201,7.583,7.795,8.137,8.378,8.75,9.499,10.329,10.811,11.153,11.686,12.048,12.772,14.141
443,-0.2338,9.5058,0.12297,6.605,7.207,7.589,7.801,8.143,8.384,8.756,9.506,10.336,10.819,11.162,11.694,12.057,12.781,14.152
444,-0.2342,9.5129,0.12297,6.61,7.212,7.594,7.807,8.149,8.39,8.763,9.513,10.344,10.827,11.17,11.703,12.066,12.791,14.163
445,-0.2345,9.5199,0.12298,6.615,7.217,7.6,7.813,8.155,8.396,8.769,9.52,10.352,10.835,11.178,11.712,12.076,12.801,14.174
446,-0.2349,9.5269,0.12298,6.62,7.223,7.606,7.819,8.161,8.403,8.776,9.527,10.359,10.843,11.187,11.721,12.085,12.811,14.185
447,-0.2352,9.5339,0.12298,6.625,7.228,7.611,7.824,8.167,8.409,8.782,9.534,10.367,10.851,11.195,11.73,12.094,12.82,14.196
448,-0.2355,9.5409,0.12298,6.63,7.233,7.617,7.83,8.173,8.415,8.788,9.541,10.375,10.859,11.203,11.738,12.103,12.83,14.207
449,-0.2359,9.5479,0.12298,6.635,7.239,7.623,7.836,8.179,8.421,8.795,9.548,10.382,10.867,11.211,11.747,12.112,12.84,14.218
450,-0.2362,9.5549,0.12298,6.64,7.244,7.628,7.842,8.185,8.427,8.801,9.555,10.39,10.875,11.22,11.756,12.121,12.849,14.228
451,-0.2366,9.5619,0.12299,6.645,7.25,7.634,7.847,8.191,8.433,8.808,9.562,10.398,10.883,11.228,11.765,12.13,12.859,14.24
452,-0.2369,9.5689,0.12299,6.65,7.255,7.639,7.853,8.197,8.44,8.814,9.569,10.405,10.891,11.236,11.773,12.139,12.869,14.251
453,-0.2372,9.5759,0.12299,6.655,7.26,7.645,7.859,8.203,8.446,8.821,9.576,10.413,10.899,11.245,11.782,12.148,12.878,14.261
454,-0.2376,9.5829,0.12299,6.66,7.266,7.651,7.865,8.209,8.452,8.827,9.583,10.42,10.907,11.253,11.791,12.157,12.888,14.272
455,-0.2379,9.5898,0.12299,6.665,7.271,7.656,7.87,8.215,8.458,8.834,9.59,10.428,10.915,11.261,11.799,12.166,12.897,14.283
456,-0.2382,9.5968,0.12299,6.67,7.276,7.662,7.876,8.221,8.464,8.84,9.597,10.436,10.923,11.269,11.808,12.175,12.907,14.294
457,-0.2385,9.6038,0.12299,6.675,7.282,7.668,7.882,8.227,8.47,8.846,9.604,10.443,10.931,11.278,11.817,12.184,12.917,14.304
458,-0.2389,9.6108,0.123,6.68,7.287,7.673,7.888,8.233,8.477,8.853,9.611,10.451,10.939,11.286,11.825,12.193,12.926,14.316
459,-0.2392,9.6178,0.123,6.685,7.292,7.679,7.894,8.239,8.483,8.859,9.618,10.458,10.947,11.294,11.834,12.202,12.936,14.327
460,-0.2395,9.6247,0.123,6.69,7.298,7.684,7.899,8.245,8.489,8.866,9.625,10.466,10.955,11.302,11.843,12.211,12.946,14.337
461,-0.2398,9.6317,0.123,6.695,7.303,7.69,7.905,8.251,8.495,8.872,9.632,10.474,10.963,11.311,11.851,12.22,12.955,14.348
462,-0.2402,9.6387,0.123,6.7,7.309,7.696,7.911,8.257,8.501,8.879,9.639,10.481,10.971,11.319,11.86,12.229,12.965,14.359
463,-0.2405,9.6457,0.123,6.705,7.314,7.701,7.917,8.263,8.507,8.885,9.646,10.489,10.979,11.327,11.869,12.238,12.974,14.37
464,-0.2408,9.6526,0.123,6.71,7.319,7.707,7.922,8.269,8.514,8.891,9.653,10.496,10.987,11.335,11.877,12.247,12.984,14.38
465,-0.2411,9.6596,0.123,6.715,7.325,7.712,7.928,8.275,8.52,8.898,9.66,10.504,10.995,11.344,11.886,12.256,12.993,14.391
466,-0.2414,9.6665,0.12301,6.719,7.33,7.718,7.934,8.281,8.526,8.904,9.667,10.512,11.003,11.352,11.895,12.265,13.003,14.402
467,-0.2418,9.6735,0.12301,6.724,7.335,7.724,7.94,8.287,8.532,8.911,9.674,10.519,11.011,11.36,11.904,12.274,13.013,14.413
468,-0.2421,9.6805,0.12301,6.729,7.341,7.729,7.945,8.293,8.538,8.917,9.681,10.527,11.019,11.368,11.912,12.283,13.022,14.424
469,-0.2424,9.6874,0.12301,6.734,7.346,7.735,7.951,8.299,8.544,8.923,9.687,10.534,11.027,11.377,11.921,12.292,13.032,14.435
470,-0.2427,9.6944,0.12301,6.739,7.351,7.74,7.957,8.305,8.55,8.93,9.694,10.542,11.035,11.385,11.93,12.301,13.041,14.445
471,-0.243,9.7013,0.12301,6.744,7.357,7.746,7.963,8.311,8.557,8.936,9.701,10.549,11.043,11.393,11.938,12.31,13.051,14.456
472,-0.2433,9.7083,0.12301,6.749,7.362,7.752,7.968,8.317,8.563,8.943,9.708,10.557,11.051,11.401,11.947,12.319,13.061,14.467
473,-0.2436,9.7152,0.12301,6.754,7.367,7.757,7.974,8.323,8.569,8.949,9.715,10.565,11.059,11.409,11.955,12.327,13.07,14.477
474,-0.2439,9.7222,0.12301,6.759,7.373,7.763,7.98,8.329,8.575,8.956,9.722,10.572,11.067,11.418,11.964,12.336,13.08,14.488
475,-0.2442,9.7291,0.12302,6.764,7.378,7.768,7.985,8.335,8.581,8.962,9.729,10.58,11.075,11.426,11.973,12.345,13.089,14.499
476,-0.2446,9.7361,0.12302,6.769,7.383,7.774,7.991,8.341,8.587,8.968,9.736,10.587,11.083,11.434,11.982,12.355,13.099,14.51
477,-0.2449,9.743,0.12302,6.774,7.389,7.779,7.997,8.347,8.593,8.975,9.743,10.595,11.09,11.442,11.99,12.363,13.108,14.521
478,-0.2452,9.75,0.12302,6.779,7.394,7.785,8.003,8.353,8.6,8.981,9.75,10.603,11.098,11.451,11.999,12.372,13.118,14.532
479,-0.2455,9.7569,0.12302,6.784,7.399,7.791,8.008,8.359,8.606,8.987,9.757,10.61,11.106,11.459,12.007,12.381,13.128,14.542
480,-0.2458,9.7638,0.12302,6.789,7.405,7.796,8.014,8.365,8.612,8.994,9.764,10.618,11.114,11.467,12.016,12.39,13.137,14.553
481,-0.2461,9.7708,0.12302,6.794,7.41,7.802,8.02,8.371,8.618,9.0,9.771,10.625,11.122,11.475,12.025,12.399,13.147,14.564
482,-0.2464,9.7777,0.12302,6.799,7.415,7.807,8.026,8.377,8.624,9.007,9.778,10.633,11.13,11.483,12.033,12.408,13.156,14.574
483,-0.2467,9.7846,0.12302,6.803,7.421,7.813,8.031,8.382,8.63,9.013,9.785,10.64,11.138,11.492,12.042,12.417,13.166,14.585
484,-0.247,9.7916,0.12302,6.808,7.426,7.819,8.037,8.388,8.636,9.019,9.792,10.648,11.146,11.5,12.051,12.426,13.175,14.596
485,-0.2472,9.7985,0.12303,6.813,7.431,7.824,8.043,8.394,8.642,9.026,9.799,10.655,11.154,11.508,12.059,12.435,13.185,14.607
486,-0.2475,9.8054,0.12303,6.818,7.437,7.83,8.048,8.4,8.649,9.032,9.805,10.663,11.162,11.516,12.068,12.444,13.194,14.618
487,-0.2478,9.8124,0.12303,6.823,7.442,7.835,8.054,8.406,8.655,9.039,9.812,10.671,11.17,11.525,12.077,12.453,13.204,14.628
488,-0.2481,9.8193,0.12303,6.828,7.447,7.841,8.06,8.412,8.661,9.045,9.819,10.678,11.178,11.533,12.085,12.462,13.213,14.639
489,-0.2484,9.8262,0.12303,6.833,7.453,7.846,8.066,8.418,8.667,9.051,9.826,10.686,11.186,11.541,12.094,12.47,13.223,14.65
490,-0.2487,9.8331,0.12303,6.838,7.458,7.852,8.071,8.424,8.673,9.058,9.833,10.693,11.193,11.549,12.102,12.479,13.232,14.66
491,-0.249,9.8401,0.12303,6.843,7.463,7.858,8.077,8.43,8.679,9.064,9.84,10.701,11.201,11.557,12.111,12.488,13.242,14.671
492,-0.2493,9.847,0.12303,6.848,7.469,7.863,8.083,8.436,8.685,9.071,9.847,10.708,11.209,11.565,12.12,12.497,13.251,14.682
493,-0.2496,9.8539,0.12303,6.853,7.474,7.869,8.089,8.442,8.691,9.077,9.854,10.716,11.217,11.574,12.128,12.506,13.261,14.692
494,-0.2499,9.8608,0.12303,6.858,7.479,7.874,8.094,8.448,8.698,9.083,9.861,10.723,11.225,11.582,12.137,12.515,13.27,14.703
495,-0.2501,9.8677,0.12303,6.863,7.485,7.88,8.1,8.454,8.704,9.09,9.868,10.731,11.233,11.59,12.145,12.524,13.28,14.714
496,-0.2504,9.8746,0.12304,6.867,7.49,7.885,8.106,8.46,8.71,9.096,9.875,10.738,11.241,11.598,12.154,12.533,13.29,14.725
497,-0.2507,9.8816,0.12304,6.872,7.495,7.891,8.111,8.466,8.716,9.102,9.882,10.746,11.249,11.606,12.163,12.542,13.299,14.735
498,-0.251,9.8885,0.12304,6.877,7.5,7.897,8.117,8.472,8.722,9.109,9.889,10.754,11.257,11.615,12.171,12.551,13.309,14.746
499,-0.2513,9.8954,0.12304,6.882,7.506,7.902,8.123,8.478,8.728,9.115,9.895,10.761,11.265,11.623,12.18,12.56,13.318,14.757
500,-0.2515,9.9023,0.12304,6.887,7.511,7.908,8.128,8.484,8.734,9.121,9.902,10.769,11.273,11.631,12.188,12.568,13.327,14.767
501,-0.2518,9.9092,0.12304,6.892,7.516,7.913,8.134,8.49,8.74,9.128,9.909,10.776,11.281,11.639,12.197,12.577,13.337,14.778
502,-0.2521,9.9161,0.12304,6.897,7.522,7.919,8.14,8.495,8.746,9.134,9.916,10.784,11.288,11.647,12.206,12.586,13.346,14.789
503,-0.2524,9.923,0.12304,6.902,7.527,7.924,8.146,8.501,8.753,9.141,9.923,10.791,11.296,11.655,12.214,12.595,13.356,14.799
504,-0.2526,9.9299,0.12304,6.907,7.532,7.93,8.151,8.507,8.759,9.147,9.93,10.799,11.304,11.663,12.223,12.604,13.365,14.81
505,-0.2529,9.9368,0.12304,6.912,7.538,7.936,8.157,8.513,8.765,9.153,9.937,10.806,11.312,11.672,12.231,12.613,13.375,14.821
506,-0.2532,9.9437,0.12304,6.917,7.543,7.941,8.163,8.519,8.771,9.16,9.944,10.814,11.32,11.68,12.24,12.622,13.384,14.831
507,-0.2535,9.9506,0.12305,6.921,7.548,7.947,8.168,8.525,8.777,9.166,9.951,10.821,11.328,11.688,12.249,12.631,13.394,14.842
508,-0.2537,9.9575,0.12305,6.926,7.553,7.952,8.174,8.531,8.783,9.172,9.958,10.829,11.336,11.696,12.257,12.64,13.403,14.853
509,-0.254,9.9644,0.12305,6.931,7.559,7.958,8.18,8.537,8.789,9.179,9.964,10.836,11.344,11.704,12.266,12.648,13.413,14.864
510,-0.2543,9.9713,0.12305,6.936,7.564,7.963,8.185,8.543,8.795,9.185,9.971,10.844,11.352,11.712,12.274,12.657,13.422,14.874
511,-0.2545,9.9782,0.12305,6.941,7.569,7.969,8.191,8.549,8.801,9.191,9.978,10.851,11.359,11.721,12.283,12.666,13.432,14.885
512,-0.2548,9.9851,0.12305,6.946,7.575,7.974,8.197,8.555,8.807,9.198,9.985,10.859,11.367,11.729,12.291,12.675,13.441,14.895
513,-0.2551,9.992,0.12305,6.951,7.58,7.98,8.202,8.561,8.813,9.204,9.992,10.866,11.375,11.737,12.3,12.684,13.451,14.906
514,-0.2553,9.9989,0.12305,6.956,7.585,7.985,8.208,8.567,8.82,9.211,9.999,10.874,11.383,11.745,12.309,12.693,13.46,14.917
515,-0.2556,10.0058,0.12305,6.961,7.59,7.991,8.214,8.573,8.826,9.217,10.006,10.881,11.391,11.753,12.317,12.702,13.47,14.927
516,-0.2558,10.0127,0.12305,6.966,7.596,7.997,8.22,8.578,8.832,9.223,10.013,10.889,11.399,11.761,12.326,12.71,13.479,14.938
517,-0.2561,10.0196,0.12305,6.97,7.601,8.002,8.225,8.584,8.838,9.23,10.02,10.896,11.407,11.769,12.334,12.719,13.488,14.948
518,-0.2564,10.0265,0.12306,6.975,7.606,8.008,8.231,8.59,8.844,9.236,10.027,10.904,11.415,11.778,12.343,12.728,13.498,14.96
519,-0.2566,10.0334,0.12306,6.98,7.612,8.013,8.237,8.596,8.85,9.242,10.033,10.912,11.423,11.786,12.352,12.737,13.508,14.97
520,-0.2569,10.0402,0.12306,6.985,7.617,8.019,8.242,8.602,8.856,9.249,10.04,10.919,11.43,11.794,12.36,12.746,13.517,14.981
521,-0.2571,10.0471,0.12306,6.99,7.622,8.024,8.248,8.608,8.862,9.255,10.047,10.926,11.438,11.802,12.369,12.755,13.526,14.991
522,-0.2574,10.054,0.12306,6.995,7.627,8.03,8.254,8.614,8.868,9.261,10.054,10.934,11.446,11.81,12.377,12.764,13.536,15.002
523,-0.2577,10.0609,0.12306,7.0,7.633,8.035,8.259,8.62,8.874,9.268,10.061,10.941,11.454,11.818,12.386,12.773,13.545,15.013
524,-0.2579,10.0678,0.12306,7.005,7.638,8.041,8.265,8.626,8.88,9.274,10.068,10.949,11.462,11.827,12.394,12.781,13.555,15.023
525,-0.2582,10.0746,0.12306,7.009,7.643,8.046,8.271,8.632,8.886,9.28,10.075,10.956,11.47,11.835,12.403,12.79,13.564,15.034
526,-0.2584,10.0815,0.12306,7.014,7.649,8.052,8.276,8.638,8.893,9.287,10.082,10.964,11.478,11.843,12.411,12.799,13.574,15.044
527,-0.2587,10.0884,0.12307,7.019,7.654,8.057,8.282,8.643,8.899,9.293,10.088,10.971,11.486,11.851,12.42,12.808,13.583,15.055
528,-0.2589,10.0953,0.12307,7.024,7.659,8.063,8.288,8.649,8.905,9.299,10.095,10.979,11.493,11.859,12.429,12.817,13.593,15.066
529,-0.2592,10.1021,0.12307,7.029,7.664,8.068,8.293,8.655,8.911,9.306,10.102,10.986,11.501,11.867,12.437,12.826,13.602,15.076
530,-0.2594,10.109,0.12307,7.034,7.67,8.074,8.299,8.661,8.917,9.312,10.109,10.994,11.509,11.875,12.446,12.834,13.612,15.087
531,-0.2597,10.1159,0.12307,7.039,7.675,8.079,8.305,8.667,8.923,9.318,10.116,11.001,11.517,11.883,12.454,12.843,13.621,15.098
532,-0.2599,10.1227,0.12307,7.044,7.68,8.085,8.31,8.673,8.929,9.325,10.123,11.009,11.525,11.892,12.463,12.852,13.63,15.108
533,-0.2601,10.1296,0.12307,7.048,7.685,8.091,8.316,8.679,8.935,9.331,10.13,11.016,11.533,11.9,12.471,12.861,13.64,15.119
534,-0.2604,10.1365,0.12307,7.053,7.691,8.096,8.322,8.685,8.941,9.337,10.137,11.024,11.541,11.908,12.48,12.87,13.649,15.129
535,-0.2606,10.1433,0.12308,7.058,7.696,8.101,8.327,8.691,8.947,9.344,10.143,11.031,11.548,11.916,12.488,12.879,13.659,15.14
536,-0.2609,10.1502,0.12308,7.063,7.701,8.107,8.333,8.696,8.953,9.35,10.15,11.039,11.556,11.924,12.497,12.888,13.668,15.151
537,-0.2611,10.157,0.12308,7.068,7.706,8.112,8.339,8.702,8.959,9.356,10.157,11.046,11.564,11.932,12.505,12.896,13.678,15.161
538,-0.2614,10.1639,0.12308,7.073,7.712,8.118,8.344,8.708,8.965,9.363,10.164,11.054,11.572,11.94,12.514,12.905,13.687,15.172
539,-0.2616,10.1707,0.12308,7.077,7.717,8.124,8.35,8.714,8.971,9.369,10.171,11.061,11.58,11.948,12.522,12.914,13.696,15.182
540,-0.2618,10.1776,0.12308,7.082,7.722,8.129,8.356,8.72,8.977,9.375,10.178,11.069,11.588,11.956,12.531,12.923,13.706,15.193
541,-0.2621,10.1845,0.12308,7.087,7.727,8.135,8.361,8.726,8.983,9.382,10.185,11.076,11.595,11.965,12.54,12.932,13.715,15.204
542,-0.2623,10.1913,0.12309,7.092,7.732,8.14,8.367,8.732,8.989,9.388,10.191,11.084,11.603,11.973,12.548,12.941,13.725,15.215
543,-0.2625,10.1982,0.12309,7.097,7.738,8.146,8.372,8.738,8.996,9.394,10.198,11.091,11.611,11.981,12.557,12.949,13.734,15.225
544,-0.2628,10.205,0.12309,7.102,7.743,8.151,8.378,8.744,9.002,9.4,10.205,11.099,11.619,11.989,12.565,12.958,13.744,15.236
545,-0.263,10.2119,0.12309,7.107,7.748,8.157,8.384,8.749,9.008,9.407,10.212,11.106,11.627,11.997,12.574,12.967,13.753,15.246
546,-0.2632,10.2187,0.12309,7.111,7.754,8.162,8.389,8.755,9.014,9.413,10.219,11.114,11.635,12.005,12.582,12.976,13.762,15.257
547,-0.2635,10.2255,0.12309,7.116,7.759,8.168,8.395,8.761,9.02,9.419,10.226,11.121,11.642,12.013,12.591,12.984,13.772,15.267
548,-0.2637,10.2324,0.12309,7.121,7.764,8.173,8.401,8.767,9.026,9.426,10.232,11.128,11.65,12.021,12.599,12.993,13.781,15.278
549,-0.2639,10.2392,0.1231,7.126,7.769,8.178,8.406,8.773,9.032,9.432,10.239,11.136,11.658,12.029,12.608,13.002,13.791,15.289
550,-0.2642,10.2461,0.1231,7.131,7.774,8.184,8.412,8.779,9.038,9.438,10.246,11.143,11.666,12.038,12.616,13.011,13.8,15.299
551,-0.2644,10.2529,0.1231,7.136,7.78,8.189,8.418,8.785,9.044,9.444,10.253,11.151,11.674,12.046,12.625,13.02,13.809,15.31
552,-0.2646,10.2597,0.1231,7.14,7.785,8.195,8.423,8.79,9.05,9.451,10.26,11.158,11.682,12.054,12.633,13.029,13.819,15.32
553,-0.2649,10.2666,0.1231,7.145,7.79,8.2,8.429,8.796,9.056,9.457,10.267,11.166,11.689,12.062,12.642,13.037,13.828,15.331
554,-0.2651,10.2734,0.1231,7.15,7.795,8.206,8.434,8.802,9.062,9.463,10.273,11.173,11.697,12.07,12.65,13.046,13.838,15.341
555,-0.2653,10.2803,0.12311,7.155,7.801,8.211,8.44,8.808,9.068,9.47,10.28,11.181,11.705,12.078,12.659,13.055,13.847,15.352
556,-0.2655,10.2871,0.12311,7.16,7.806,8.217,8.446,8.814,9.074,9.476,10.287,11.188,11.713,12.086,12.667,13.064,13.857,15.363
557,-0.2658,10.2939,0.12311,7.165,7.811,8.222,8.451,8.82,9.08,9.482,10.294,11.196,11.721,12.094,12.676,13.073,13.866,15.373
558,-0.266,10.3008,0.12311,7.169,7.816,8.228,8.457,8.826,9.086,9.489,10.301,11.203,11.729,12.102,12.684,13.082,13.875,15.384
559,-0.2662,10.3076,0.12311,7.174,7.822,8.233,8.463,8.832,9.092,9.495,10.308,11.21,11.736,12.11,12.693,13.09,13.885,15.394
560,-0.2664,10.3144,0.12311,7.179,7.827,8.239,8.468,8.837,9.098,9.501,10.314,11.218,11.744,12.118,12.701,13.099,13.894,15.405
561,-0.2666,10.3213,0.12312,7.184,7.832,8.244,8.474,8.843,9.104,9.507,10.321,11.225,11.752,12.127,12.71,13.108,13.904,15.416
562,-0.2669,10.3281,0.12312,7.189,7.837,8.25,8.479,8.849,9.11,9.514,10.328,11.233,11.76,12.135,12.719,13.117,13.913,15.426
563,-0.2671,10.3349,0.12312,7.193,7.842,8.255,8.485,8.855,9.116,9.52,10.335,11.24,11.768,12.143,12.727,13.126,13.922,15.437
564,-0.2673,10.3417,0.12312,7.198,7.848,8.261,8.491,8.861,9.122,9.526,10.342,11.248,11.775,12.151,12.735,13.134,13.932,15.447
565,-0.2675,10.3486,0.12312,7.203,7.853,8.266,8.496,8.867,9.128,9.533,10.349,11.255,11.783,12.159,12.744,13.143,13.941,15.458
566,-0.2677,10.3554,0.12313,7.208,7.858,8.272,8.502,8.872,9.134,9.539,10.355,11.263,11.791,12.167,12.753,13.152,13.951,15.469
567,-0.2679,10.3622,0.12313,7.213,7.863,8.277,8.507,8.878,9.14,9.545,10.362,11.27,11.799,12.175,12.761,13.161,13.96,15.479
568,-0.2682,10.369,0.12313,7.217,7.868,8.283,8.513,8.884,9.146,9.551,10.369,11.277,11.807,12.183,12.77,13.17,13.969,15.49
569,-0.2684,10.3759,0.12313,7.222,7.874,8.288,8.519,8.89,9.152,9.558,10.376,11.285,11.815,12.191,12.778,13.178,13.979,15.5
570,-0.2686,10.3827,0.12313,7.227,7.879,8.294,8.524,8.896,9.158,9.564,10.383,11.292,11.822,12.199,12.786,13.187,13.988,15.511
571,-0.2688,10.3895,0.12314,7.232,7.884,8.299,8.53,8.902,9.164,9.57,10.39,11.3,11.83,12.208,12.795,13.196,13.998,15.522
572,-0.269,10.3963,0.12314,7.237,7.889,8.304,8.535,8.908,9.17,9.576,10.396,11.307,11.838,12.216,12.804,13.205,14.007,15.532
573,-0.2692,10.4031,0.12314,7.241,7.894,8.31,8.541,8.913,9.176,9.583,10.403,11.315,11.846,12.224,12.812,13.214,14.016,15.542
574,-0.2694,10.41,0.12314,7.246,7.9,8.315,8.547,8.919,9.182,9.589,10.41,11.322,11.854,12.232,12.821,13.222,14.026,15.553
575,-0.2696,10.4168,0.12314,7.251,7.905,8.321,8.552,8.925,9.188,9.595,10.417,11.33,11.861,12.24,12.829,13.231,14.035,15.563
576,-0.2698,10.4236,0.12315,7.256,7.91,8.326,8.558,8.931,9.194,9.602,10.424,11.337,11.869,12.248,12.838,13.24,14.045,15.574
577,-0.27,10.4304,0.12315,7.261,7.915,8.332,8.563,8.937,9.2,9.608,10.43,11.345,11.877,12.256,12.846,13.249,14.054,15.585
578,-0.2702,10.4372,0.12315,7.265,7.92,8.337,8.569,8.943,9.206,9.614,10.437,11.352,11.885,12.264,12.855,13.257,14.063,15.595
579,-0.2705,10.444,0.12315,7.27,7.926,8.343,8.575,8.948,9.212,9.62,10.444,11.359,11.893,12.272,12.863,13.266,14.073,15.606
580,-0.2707,10.4508,0.12316,7.275,7.931,8.348,8.58,8.954,9.218,9.627,10.451,11.367,11.901,12.28,12.872,13.275,14.082,15.617
581,-0.2709,10.4577,0.12316,7.28,7.936,8.353,8.586,8.96,9.224,9.633,10.458,11.374,11.908,12.288,12.88,13.284,14.092,15.627
582,-0.2711,10.4645,0.12316,7.285,7.941,8.359,8.592,8.966,9.23,9.639,10.465,11.382,11.916,12.296,12.889,13.293,14.101,15.638
583,-0.2713,10.4713,0.12316,7.29,7.946,8.364,8.597,8.972,9.236,9.645,10.471,11.389,11.924,12.304,12.897,13.301,14.11,15.648
584,-0.2715,10.4781,0.12316,7.294,7.952,8.37,8.603,8.978,9.242,9.652,10.478,11.397,11.932,12.312,12.905,13.31,14.12,15.658
585,-0.2717,10.4849,0.12317,7.299,7.957,8.375,8.608,8.983,9.248,9.658,10.485,11.404,11.94,12.321,12.914,13.319,14.129,15.669
586,-0.2719,10.4917,0.12317,7.304,7.962,8.381,8.614,8.989,9.254,9.664,10.492,11.411,11.947,12.329,12.923,13.328,14.138,15.68
587,-0.2721,10.4985,0.12317,7.309,7.967,8.386,8.619,8.995,9.26,9.671,10.499,11.419,11.955,12.337,12.931,13.337,14.148,15.69
588,-0.2723,10.5053,0.12317,7.313,7.972,8.392,8.625,9.001,9.266,9.677,10.505,11.426,11.963,12.345,12.939,13.345,14.157,15.701
589,-0.2725,10.5121,0.12318,7.318,7.977,8.397,8.631,9.007,9.272,9.683,10.512,11.434,11.971,12.353,12.948,13.354,14.167,15.712
590,-0.2727,10.5189,0.12318,7.323,7.983,8.402,8.636,9.013,9.278,9.689,10.519,11.441,11.979,12.361,12.957,13.363,14.176,15.722
591,-0.2729,10.5257,0.12318,7.328,7.988,8.408,8.642,9.018,9.284,9.696,10.526,11.449,11.986,12.369,12.965,13.372,14.185,15.733
592,-0.273,10.5325,0.12319,7.332,7.993,8.413,8.647,9.024,9.29,9.702,10.533,11.456,11.994,12.377,12.974,13.381,14.195,15.743
593,-0.2732,10.5393,0.12319,7.337,7.998,8.419,8.653,9.03,9.296,9.708,10.539,11.463,12.002,12.385,12.982,13.389,14.204,15.754
594,-0.2734,10.5461,0.12319,7.342,8.003,8.424,8.658,9.036,9.302,9.714,10.546,11.471,12.01,12.393,12.99,13.398,14.213,15.764
595,-0.2736,10.5529,0.12319,7.347,8.008,8.43,8.664,9.042,9.308,9.721,10.553,11.478,12.017,12.401,12.999,13.407,14.223,15.775
596,-0.2738,10.5597,0.1232,7.351,8.014,8.435,8.67,9.047,9.314,9.727,10.56,11.486,12.025,12.409,13.008,13.416,14.232,15.786
597,-0.274,10.5665,0.1232,7.356,8.019,8.44,8.675,9.053,9.32,9.733,10.567,11.493,12.033,12.417,13.016,13.425,14.242,15.796
598,-0.2742,10.5733,0.1232,7.361,8.024,8.446,8.681,9.059,9.326,9.739,10.573,11.5,12.041,12.425,13.024,13.433,14.251,15.807
599,-0.2744,10.5801,0.1232,7.366,8.029,8.451,8.686,9.065,9.332,9.746,10.58,11.508,12.049,12.433,13.033,13.442,14.26,15.817
600,-0.2746,10.5869,0.12321,7.371,8.034,8.457,8.692,9.071,9.338,9.752,10.587,11.515,12.057,12.442,13.042,13.451,14.27,15.828
601,-0.2748,10.5937,0.12321,7.375,8.039,8.462,8.698,9.077,9.344,9.758,10.594,11.523,12.064,12.45,13.05,13.46,14.279,15.838
602,-0.275,10.6005,0.12321,7.38,8.045,8.468,8.703,9.082,9.35,9.764,10.601,11.53,12.072,12.458,13.058,13.468,14.289,15.849
603,-0.2751,10.6073,0.12322,7.385,8.05,8.473,8.709,9.088,9.356,9.771,10.607,11.538,12.08,12.466,13.067,13.477,14.298,15.86
604,-0.2753,10.6141,0.12322,7.39,8.055,8.478,8.714,9.094,9.362,9.777,10.614,11.545,12.088,12.474,13.075,13.486,14.307,15.87
605,-0.2755,10.6209,0.12322,7.394,8.06,8.484,8.72,9.1,9.368,9.783,10.621,11.552,12.096,12.482,13.084,13.495,14.317,15.88
606,-0.2757,10.6277,0.12323,7.399,8.065,8.489,8.725,9.106,9.374,9.789,10.628,11.56,12.103,12.49,13.093,13.504,14.326,15.891
607,-0.2759,10.6345,0.12323,7.404,8.07,8.495,8.731,9.111,9.38,9.796,10.635,11.567,12.111,12.498,13.101,13.513,14.336,15.902
608,-0.2761,10.6413,0.12323,7.409,8.076,8.5,8.737,9.117,9.386,9.802,10.641,11.575,12.119,12.506,13.109,13.521,14.345,15.912
609,-0.2763,10.6481,0.12324,7.413,8.081,8.505,8.742,9.123,9.392,9.808,10.648,11.582,12.127,12.514,13.118,13.53,14.355,15.923
610,-0.2764,10.6549,0.12324,7.418,8.086,8.511,8.748,9.129,9.398,9.814,10.655,11.59,12.135,12.522,13.126,13.539,14.364,15.934
611,-0.2766,10.6617,0.12324,7.423,8.091,8.516,8.753,9.135,9.404,9.821,10.662,11.597,12.142,12.53,13.135,13.548,14.373,15.944
612,-0.2768,10.6685,0.12325,7.428,8.096,8.522,8.759,9.14,9.41,9.827,10.669,11.605,12.15,12.538,13.144,13.557,14.383,15.955
613,-0.277,10.6753,0.12325,7.432,8.101,8.527,8.764,9.146,9.416,9.833,10.675,11.612,12.158,12.547,13.152,13.565,14.392,15.966
614,-0.2772,10.6821,0.12325,7.437,8.107,8.533,8.77,9.152,9.422,9.839,10.682,11.619,12.166,12.555,13.16,13.574,14.401,15.976
615,-0.2773,10.6889,0.12326,7.442,8.112,8.538,8.775,9.158,9.428,9.845,10.689,11.627,12.174,12.563,13.169,13.583,14.411,15.987
616,-0.2775,10.6957,0.12326,7.447,8.117,8.543,8.781,9.164,9.434,9.852,10.696,11.634,12.181,12.571,13.178,13.592,14.42,15.997
617,-0.2777,10.7025,0.12326,7.451,8.122,8.549,8.787,9.169,9.44,9.858,10.703,11.642,12.189,12.579,13.186,13.6,14.43,16.008
618,-0.2779,10.7093,0.12327,7.456,8.127,8.554,8.792,9.175,9.446,9.864,10.709,11.649,12.197,12.587,13.195,13.609,14.439,16.019
619,-0.278,10.7161,0.12327,7.461,8.132,8.56,8.798,9.181,9.452,9.87,10.716,11.657,12.205,12.595,13.203,13.618,14.449,16.029
620,-0.2782,10.7229,0.12327,7.466,8.137,8.565,8.803,9.187,9.458,9.877,10.723,11.664,12.213,12.603,13.211,13.627,14.458,16.039
621,-0.2784,10.7297,0.12328,7.47,8.143,8.571,8.809,9.193,9.464,9.883,10.73,11.671,12.221,12.611,13.22,13.636,14.468,16.05
622,-0.2786,10.7365,0.12328,7.475,8.148,8.576,8.814,9.198,9.47,9.889,10.737,11.679,12.228,12.619,13.229,13.645,14.477,16.061
623,-0.2787,10.7433,0.12328,7.48,8.153,8.581,8.82,9.204,9.476,9.895,10.743,11.686,12.236,12.627,13.237,13.653,14.486,16.071
624,-0.2789,10.7501,0.12329,7.484,8.158,8.587,8.826,9.21,9.482,9.902,10.75,11.694,12.244,12.635,13.246,13.662,14.496,16.082
625,-0.2791,10.7569,0.12329,7.489,8.163,8.592,8.831,9.216,9.488,9.908,10.757,11.701,12.252,12.643,13.254,13.671,14.505,16.093
626,-0.2793,10.7637,0.1233,7.494,8.168,8.598,8.837,9.222,9.494,9.914,10.764,11.709,12.26,12.652,13.263,13.68,14.515,16.104
627,-0.2794,10.7705,0.1233,7.499,8.173,8.603,8.842,9.227,9.5,9.92,10.771,11.716,12.267,12.66,13.271,13.689,14.524,16.114
628,-0.2796,10.7773,0.1233,7.504,8.179,8.608,8.848,9.233,9.506,9.927,10.777,11.723,12.275,12.668,13.28,13.697,14.533,16.124
629,-0.2798,10.7841,0.12331,7.508,8.184,8.614,8.853,9.239,9.512,9.933,10.784,11.731,12.283,12.676,13.288,13.706,14.543,16.135
630,-0.2799,10.7909,0.12331,7.513,8.189,8.619,8.859,9.245,9.518,9.939,10.791,11.738,12.291,12.684,13.297,13.715,14.552,16.146
631,-0.2801,10.7977,0.12332,7.518,8.194,8.625,8.864,9.251,9.523,9.945,10.798,11.746,12.299,12.692,13.305,13.724,14.562,16.157
632,-0.2803,10.8045,0.12332,7.522,8.199,8.63,8.87,9.256,9.529,9.952,10.805,11.753,12.306,12.7,13.314,13.733,14.571,16.167
633,-0.2804,10.8113,0.12332,7.527,8.204,8.636,8.876,9.262,9.535,9.958,10.811,11.761,12.314,12.708,13.322,13.741,14.58,16.177
634,-0.2806,10.8181,0.12333,7.532,8.209,8.641,8.881,9.268,9.541,9.964,10.818,11.768,12.322,12.716,13.331,13.75,14.59,16.188
635,-0.2808,10.8249,0.12333,7.537,8.215,8.646,8.887,9.274,9.547,9.97,10.825,11.775,12.33,12.724,13.339,13.759,14.599,16.199
636,-0.2809,10.8317,0.12334,7.541,8.22,8.652,8.892,9.28,9.553,9.977,10.832,11.783,12.338,12.733,13.348,13.768,14.609,16.21
637,-0.2811,10.8385,0.12334,7.546,8.225,8.657,8.898,9.285,9.559,9.983,10.839,11.79,12.346,12.741,13.356,13.777,14.618,16.22
638,-0.2813,10.8453,0.12335,7.551,8.23,8.662,8.903,9.291,9.565,9.989,10.845,11.798,12.353,12.749,13.365,13.786,14.628,16.231
639,-0.2814,10.8521,0.12335,7.555,8.235,8.668,8.909,9.297,9.571,9.995,10.852,11.805,12.361,12.757,13.373,13.795,14.637,16.242
640,-0.2816,10.8589,0.12336,7.56,8.24,8.673,8.914,9.303,9.577,10.002,10.859,11.813,12.369,12.765,13.382,13.804,14.647,16.253
641,-0.2818,10.8657,0.12336,7.565,8.245,8.679,8.92,9.309,9.583,10.008,10.866,11.82,12.377,12.773,13.391,13.812,14.656,16.263
642,-0.2819,10.8725,0.12336,7.57,8.251,8.684,8.926,9.314,9.589,10.014,10.873,11.828,12.385,12.781,13.399,13.821,14.665,16.273
643,-0.2821,10.8793,0.12337,7.574,8.256,8.689,8.931,9.32,9.595,10.02,10.879,11.835,12.392,12.789,13.408,13.83,14.675,16.284
644,-0.2822,10.8861,0.12337,7.579,8.261,8.695,8.937,9.326,9.601,10.027,10.886,11.842,12.4,12.797,13.416,13.839,14.684,16.295
645,-0.2824,10.8929,0.12338,7.584,8.266,8.7,8.942,9.332,9.607,10.033,10.893,11.85,12.408,12.805,13.425,13.848,14.694,16.306
646,-0.2826,10.8997,0.12338,7.589,8.271,8.706,8.948,9.338,9.613,10.039,10.9,11.857,12.416,12.813,13.433,13.856,14.703,16.316
647,-0.2827,10.9065,0.12339,7.593,8.276,8.711,8.953,9.343,9.619,10.045,10.907,11.865,12.424,12.822,13.442,13.865,14.713,16.327
648,-0.2829,10.9133,0.12339,7.598,8.281,8.716,8.959,9.349,9.625,10.051,10.913,11.872,12.432,12.83,13.45,13.874,14.722,16.337
649,-0.283,10.9202,0.1234,7.603,8.286,8.722,8.964,9.355,9.631,10.058,10.92,11.88,12.44,12.838,13.459,13.883,14.732,16.349
650,-0.2832,10.927,0.1234,7.607,8.292,8.727,8.97,9.361,9.637,10.064,10.927,11.887,12.447,12.846,13.467,13.892,14.741,16.359
651,-0.2834,10.9338,0.12341,7.612,8.297,8.733,8.975,9.367,9.643,10.07,10.934,11.895,12.455,12.854,13.476,13.901,14.751,16.37
652,-0.2835,10.9406,0.12341,7.617,8.302,8.738,8.981,9.372,9.649,10.077,10.941,11.902,12.463,12.862,13.485,13.91,14.76,16.38
653,-0.2837,10.9474,0.12342,7.621,8.307,8.743,8.987,9.378,9.655,10.083,10.947,11.91,12.471,12.87,13.493,13.919,14.77,16.391
654,-0.2838,10.9542,0.12342,7.626,8.312,8.749,8.992,9.384,9.661,10.089,10.954,11.917,12.479,12.878,13.502,13.927,14.779,16.402
655,-0.284,10.961,0.12343,7.631,8.317,8.754,8.998,9.39,9.667,10.095,10.961,11.925,12.487,12.887,13.51,13.936,14.789,16.413
656,-0.2841,10.9679,0.12343,7.636,8.322,8.76,9.003,9.396,9.673,10.102,10.968,11.932,12.494,12.895,13.519,13.945,14.798,16.423
657,-0.2843,10.9747,0.12344,7.64,8.327,8.765,9.009,9.401,9.679,10.108,10.975,11.94,12.502,12.903,13.528,13.954,14.808,16.434
658,-0.2844,10.9815,0.12344,7.645,8.333,8.77,9.014,9.407,9.685,10.114,10.982,11.947,12.51,12.911,13.536,13.963,14.817,16.445
659,-0.2846,10.9883,0.12345,7.65,8.338,8.776,9.02,9.413,9.691,10.12,10.988,11.954,12.518,12.919,13.545,13.972,14.827,16.456
660,-0.2847,10.9951,0.12345,7.654,8.343,8.781,9.025,9.419,9.697,10.126,10.995,11.962,12.526,12.927,13.553,13.981,14.836,16.466
661,-0.2849,11.0019,0.12346,7.659,8.348,8.787,9.031,9.424,9.703,10.133,11.002,11.969,12.534,12.935,13.562,13.99,14.846,16.477
662,-0.285,11.0088,0.12346,7.664,8.353,8.792,9.037,9.43,9.709,10.139,11.009,11.977,12.542,12.943,13.57,13.998,14.855,16.487
663,-0.2852,11.0156,0.12347,7.669,8.358,8.797,9.042,9.436,9.715,10.145,11.016,11.984,12.549,12.952,13.579,14.007,14.865,16.498
664,-0.2853,11.0224,0.12347,7.673,8.363,8.803,9.048,9.442,9.721,10.152,11.022,11.992,12.557,12.96,13.587,14.016,14.874,16.509
665,-0.2855,11.0292,0.12348,7.678,8.368,8.808,9.053,9.448,9.726,10.158,11.029,11.999,12.565,12.968,13.596,14.025,14.884,16.52
666,-0.2856,11.036,0.12348,7.683,8.374,8.814,9.059,9.454,9.732,10.164,11.036,12.007,12.573,12.976,13.604,14.034,14.893,16.53
667,-0.2858,11.0429,0.12349,7.687,8.379,8.819,9.064,9.459,9.738,10.17,11.043,12.014,12.581,12.984,13.613,14.043,14.903,16.541
668,-0.2859,11.0497,0.1235,7.692,8.384,8.824,9.07,9.465,9.744,10.176,11.05,12.022,12.589,12.992,13.622,14.052,14.912,16.552
669,-0.2861,11.0565,0.1235,7.697,8.389,8.83,9.075,9.471,9.75,10.183,11.057,12.029,12.597,13.0,13.63,14.061,14.922,16.563
670,-0.2862,11.0633,0.12351,7.701,8.394,8.835,9.081,9.477,9.756,10.189,11.063,12.037,12.604,13.009,13.639,14.07,14.931,16.574
671,-0.2864,11.0702,0.12351,7.706,8.399,8.841,9.087,9.483,9.762,10.195,11.07,12.044,12.612,13.017,13.648,14.078,14.941,16.584
672,-0.2865,11.077,0.12352,7.711,8.404,8.846,9.092,9.488,9.768,10.202,11.077,12.052,12.62,13.025,13.656,14.087,14.95,16.595
673,-0.2866,11.0838,0.12352,7.716,8.409,8.851,9.098,9.494,9.774,10.208,11.084,12.059,12.628,13.033,13.665,14.096,14.96,16.605
674,-0.2868,11.0906,0.12353,7.72,8.414,8.857,9.103,9.5,9.78,10.214,11.091,12.066,12.636,13.041,13.673,14.105,14.969,16.616
675,-0.2869,11.0975,0.12353,7.725,8.42,8.862,9.109,9.506,9.786,10.22,11.098,12.074,12.644,13.049,13.682,14.114,14.979,16.627
676,-0.2871,11.1043,0.12354,7.73,8.425,8.868,9.114,9.512,9.792,10.227,11.104,12.081,12.652,13.058,13.691,14.123,14.988,16.638
677,-0.2872,11.1111,0.12355,7.734,8.43,8.873,9.12,9.517,9.798,10.233,11.111,12.089,12.66,13.066,13.699,14.132,14.998,16.649
678,-0.2874,11.118,0.12355,7.739,8.435,8.878,9.125,9.523,9.804,10.239,11.118,12.096,12.667,13.074,13.708,14.141,15.008,16.66
679,-0.2875,11.1248,0.12356,7.744,8.44,8.884,9.131,9.529,9.81,10.245,11.125,12.104,12.675,13.082,13.716,14.15,15.017,16.67
680,-0.2876,11.1316,0.12356,7.749,8.445,8.889,9.136,9.535,9.816,10.252,11.132,12.111,12.683,13.09,13.725,14.158,15.026,16.681
681,-0.2878,11.1384,0.12357,7.753,8.45,8.894,9.142,9.54,9.822,10.258,11.138,12.119,12.691,13.098,13.734,14.167,15.036,16.692
682,-0.2879,11.1453,0.12358,7.758,8.455,8.9,9.147,9.546,9.828,10.264,11.145,12.126,12.699,13.107,13.742,14.177,15.046,16.703
683,-0.2881,11.1521,0.12358,7.763,8.461,8.905,9.153,9.552,9.834,10.27,11.152,12.134,12.707,13.115,13.751,14.185,15.055,16.713
684,-0.2882,11.1589,0.12359,7.767,8.466,8.911,9.158,9.558,9.84,10.277,11.159,12.141,12.715,13.123,13.759,14.194,15.065,16.724
685,-0.2883,11.1658,0.12359,7.772,8.471,8.916,9.164,9.564,9.846,10.283,11.166,12.149,12.723,13.131,13.768,14.203,15.074,16.735
686,-0.2885,11.1726,0.1236,7.777,8.476,8.921,9.17,9.569,9.852,10.289,11.173,12.156,12.73,13.139,13.777,14.212,15.084,16.746
687,-0.2886,11.1795,0.12361,7.781,8.481,8.927,9.175,9.575,9.858,10.295,11.18,12.164,12.738,13.147,13.785,14.221,15.094,16.757
688,-0.2887,11.1863,0.12361,7.786,8.486,8.932,9.181,9.581,9.864,10.302,11.186,12.171,12.746,13.155,13.794,14.23,15.103,16.767
689,-0.2889,11.1931,0.12362,7.791,8.491,8.938,9.186,9.587,9.87,10.308,11.193,12.179,12.754,13.164,13.803,14.239,15.113,16.778
690,-0.289,11.2,0.12362,7.796,8.497,8.943,9.192,9.593,9.876,10.314,11.2,12.186,12.762,13.172,13.811,14.248,15.122,16.789
691,-0.2891,11.2068,0.12363,7.8,8.502,8.948,9.197,9.598,9.882,10.32,11.207,12.194,12.77,13.18,13.82,14.257,15.132,16.8
692,-0.2893,11.2137,0.12364,7.805,8.507,8.954,9.203,9.604,9.888,10.327,11.214,12.201,12.778,13.188,13.829,14.266,15.142,16.811
693,-0.2894,11.2205,0.12364,7.81,8.512,8.959,9.209,9.61,9.894,10.333,11.221,12.209,12.786,13.196,13.837,14.275,15.151,16.821
694,-0.2895,11.2273,0.12365,7.814,8.517,8.965,9.214,9.616,9.9,10.339,11.227,12.216,12.794,13.205,13.846,14.284,15.16,16.832
695,-0.2897,11.2342,0.12366,7.819,8.522,8.97,9.22,9.622,9.906,10.345,11.234,12.224,12.802,13.213,13.854,14.293,15.17,16.843
696,-0.2898,11.241,0.12366,7.824,8.527,8.975,9.225,9.627,9.912,10.352,11.241,12.231,12.809,13.221,13.863,14.301,15.18,16.854
697,-0.2899,11.2479,0.12367,7.828,8.532,8.981,9.231,9.633,9.918,10.358,11.248,12.239,12.817,13.229,13.872,14.31,15.189,16.865
698,-0.2901,11.2547,0.12367,7.833,8.537,8.986,9.236,9.639,9.924,10.364,11.255,12.246,12.825,13.237,13.88,14.319,15.199,16.875
699,-0.2902,11.2616,0.12368,7.838,8.543,8.992,9.242,9.645,9.93,10.371,11.262,12.254,12.833,13.246,13.889,14.328,15.208,16.886
700,-0.2903,11.2684,0.12369,7.842,8.548,8.997,9.247,9.651,9.936,10.377,11.268,12.261,12.841,13.254,13.898,14.337,15.218,16.897
701,-0.2905,11.2753,0.12369,7.847,8.553,9.003,9.253,9.657,9.942,10.383,11.275,12.269,12.849,13.262,13.906,14.346,15.227,16.908
702,-0.2906,11.2821,0.1237,7.852,8.558,9.008,9.258,9.662,9.948,10.389,11.282,12.276,12.857,13.27,13.915,14.355,15.237,16.919
703,-0.2907,11.2889,0.12371,7.856,8.563,9.013,9.264,9.668,9.954,10.396,11.289,12.284,12.865,13.278,13.923,14.364,15.247,16.93
704,-0.2909,11.2958,0.12371,7.861,8.568,9.019,9.27,9.674,9.96,10.402,11.296,12.291,12.873,13.286,13.932,14.373,15.256,16.94
705,-0.291,11.3026,0.12372,7.866,8.573,9.024,9.275,9.68,9.966,10.408,11.303,12.299,12.88,13.295,13.941,14.382,15.266,16.951
706,-0.2911,11.3095,0.12373,7.87,8.578,9.029,9.281,9.685,9.972,10.414,11.31,12.307,12.889,13.303,13.949,14.391,15.276,16.962
707,-0.2912,11.3163,0.12373,7.875,8.583,9.035,9.286,9.691,9.978,10.421,11.316,12.314,12.896,13.311,13.958,14.4,15.285,16.973
708,-0.2914,11.3232,0.12374,7.88,8.589,9.04,9.292,9.697,9.984,10.427,11.323,12.322,12.904,13.319,13.967,14.409,15.295,16.984
709,-0.2915,11.33,0.12375,7.884,8.594,9.045,9.297,9.703,9.99,10.433,11.33,12.329,12.912,13.327,13.975,14.418,15.304,16.995
710,-0.2916,11.3369,0.12375,7.889,8.599,9.051,9.303,9.709,9.996,10.439,11.337,12.337,12.92,13.336,13.984,14.427,15.314,17.005
711,-0.2917,11.3438,0.12376,7.894,8.604,9.056,9.308,9.715,10.002,10.446,11.344,12.344,12.928,13.344,13.993,14.436,15.324,17.017
712,-0.2919,11.3506,0.12377,7.899,8.609,9.062,9.314,9.72,10.007,10.452,11.351,12.352,12.936,13.352,14.001,14.445,15.333,17.028
713,-0.292,11.3575,0.12377,7.903,8.614,9.067,9.32,9.726,10.014,10.458,11.358,12.359,12.944,13.36,14.01,14.454,15.343,17.038
714,-0.2921,11.3643,0.12378,7.908,8.619,9.072,9.325,9.732,10.019,10.465,11.364,12.367,12.952,13.368,14.019,14.463,15.352,17.049
715,-0.2922,11.3712,0.12379,7.913,8.624,9.078,9.331,9.738,10.025,10.471,11.371,12.374,12.96,13.377,14.027,14.472,15.362,17.06
716,-0.2924,11.378,0.12379,7.917,8.63,9.083,9.336,9.744,10.031,10.477,11.378,12.382,12.968,13.385,14.036,14.481,15.371,17.071
717,-0.2925,11.3849,0.1238,7.922,8.635,9.089,9.342,9.749,10.037,10.483,11.385,12.389,12.976,13.393,14.045,14.49,15.381,17.082
718,-0.2926,11.3917,0.12381,7.927,8.64,9.094,9.347,9.755,10.043,10.49,11.392,12.397,12.983,13.401,14.053,14.499,15.391,17.093
719,-0.2927,11.3986,0.12382,7.931,8.645,9.099,9.353,9.761,10.049,10.496,11.399,12.404,12.991,13.41,14.062,14.508,15.401,17.104
720,-0.2928,11.4055,0.12382,7.936,8.65,9.105,9.358,9.767,10.055,10.502,11.406,12.412,12.999,13.418,14.071,14.517,15.41,17.114
721,-0.293,11.4123,0.12383,7.941,8.655,9.11,9.364,9.773,10.061,10.508,11.412,12.419,13.007,13.426,14.079,14.526,15.42,17.125
722,-0.2931,11.4192,0.12384,7.945,8.66,9.116,9.369,9.778,10.067,10.515,11.419,12.427,13.015,13.434,14.088,14.535,15.43,17.136
723,-0.2932,11.426,0.12384,7.95,8.665,9.121,9.375,9.784,10.073,10.521,11.426,12.434,13.023,13.442,14.097,14.543,15.439,17.147
724,-0.2933,11.4329,0.12385,7.955,8.67,9.126,9.381,9.79,10.079,10.527,11.433,12.442,13.031,13.451,14.105,14.553,15.449,17.158
725,-0.2934,11.4397,0.12386,7.959,8.675,9.132,9.386,9.796,10.085,10.533,11.44,12.449,13.039,13.459,14.114,14.562,15.458,17.169
726,-0.2936,11.4466,0.12387,7.964,8.68,9.137,9.392,9.801,10.091,10.54,11.447,12.457,13.047,13.467,14.123,14.571,15.468,17.18
727,-0.2937,11.4535,0.12387,7.969,8.686,9.143,9.397,9.807,10.097,10.546,11.454,12.465,13.055,13.475,14.131,14.58,15.478,17.191
728,-0.2938,11.4603,0.12388,7.973,8.691,9.148,9.403,9.813,10.103,10.552,11.46,12.472,13.063,13.484,14.14,14.589,15.487,17.202
729,-0.2939,11.4672,0.12389,7.978,8.696,9.153,9.408,9.819,10.109,10.559,11.467,12.48,13.071,13.492,14.149,14.598,15.497,17.213
730,-0.294,11.4741,0.12389,7.983,8.701,9.159,9.414,9.825,10.115,10.565,11.474,12.487,13.079,13.5,14.157,14.607,15.506,17.223
